Workbook

Sheet Dashboard
A1: SignalStack | Ops Pulse — Operational Health Dashboard
A2: Weekly snapshot of field operations. Update the Weekly Log tab each week. Metrics auto-calculate here.
A4: KEY PERFORMANCE INDICATORS — CURRENT WEEK
A5: Jobs Completed | B5: On-Time Rate | C5: Callback Rate | D5: Avg Job Duration | E5: Crew Utilization | F5: Open Work Orders
A6: =LOOKUP(2,1/(A10:A2000<>""),B10:B2000) | B6: =LOOKUP(2,1/(A10:A2000<>""),C10:C2000) | C6: =LOOKUP(2,1/(A10:A2000<>""),D10:D2000) | D6: =LOOKUP(2,1/(A10:A2000<>""),E10:E2000) | E6: =LOOKUP(2,1/(A10:A2000<>""),F10:F2000) | F6: =LOOKUP(2,1/(A10:A2000<>""),G10:G2000)
A8: WEEKLY TREND — FULL HISTORY
A9: Week | B9: Jobs Done | C9: On-Time % | D9: Callback % | E9: Avg Hours | F9: Utilization % | G9: Open WOs | H9: Notes | J9: __week_start
A10: =IF($J10="","",YEAR($J10-WEEKDAY($J10,2)+4)&"-W"&TEXT(WEEKNUM($J10,21),"00")) | B10: =IF($J10="","",SUMIFS('Weekly Log'!$C:$C,'Weekly Log'!$A:$A,">="&$J10,'Weekly Log'!$A:$A,"<"&$J10+7)) | C10: =IF($J10="","",IFERROR(COUNTIFS('Weekly Log'!$G:$G,"Y",'Weekly Log'!$A:$A,">="&$J10,'Weekly Log'!$A:$A,"<"&$J10+7)/COUNTIFS('Weekly Log'!$G:$G,"<>",'Weekly Log'!$A:$A,">="&$J10,'Weekly Log'!$A:$A,"<"&$J10+7),0)) | D10: =IF($J10="","",IFERROR(COUNTIFS('Weekly Log'!$H:$H,"Y",'Weekly Log'!$A:$A,">="&$J10,'Weekly Log'!$A:$A,"<"&$J10+7)/COUNTIFS('Weekly Log'!$H:$H,"<>",'Weekly Log'!$A:$A,">="&$J10,'Weekly Log'!$A:$A,"<"&$J10+7),0)) | E10: =IF($J10="","",IFERROR(AVERAGEIFS('Weekly Log'!$F:$F,'Weekly Log'!$A:$A,">="&$J10,'Weekly Log'!$A:$A,"<"&$J10+7),0)) | F10: =IF($J10="","",IFERROR(SUMIFS('Weekly Log'!$F:$F,'Weekly Log'!$A:$A,">="&$J10,'Weekly Log'!$A:$A,"<"&$J10+7)/SUMIFS('Weekly Log'!$E:$E,'Weekly Log'!$A:$A,">="&$J10,'Weekly Log'!$A:$A,"<"&$J10+7),0)) | G10: =IF($J10="","",IFERROR(LOOKUP(2,1/(('Weekly Log'!$A$5:$A$5000>=$J10)*('Weekly Log'!$A$5:$A$5000<$J10+7)*('Weekly Log'!$M$5:$M$5000<>"")),'Weekly Log'!$M$5:$M$5000),0)) | J10: =IF(COUNT('Weekly Log'!$A$5:$A$5000)=0,"",IF(MIN('Weekly Log'!$A$5:$A$5000)+7*(ROW()-10)>MAX('Weekly Log'!$A$5:$A$5000),"",MIN('Weekly Log'!$A$5:$A$5000)+7*(ROW()-10)))
A11: =IF($J11="","",YEAR($J11-WEEKDAY($J11,2)+4)&"-W"&TEXT(WEEKNUM($J11,21),"00")) | B11: =IF($J11="","",SUMIFS('Weekly Log'!$C:$C,'Weekly Log'!$A:$A,">="&$J11,'Weekly Log'!$A:$A,"<"&$J11+7)) | C11: =IF($J11="","",IFERROR(COUNTIFS('Weekly Log'!$G:$G,"Y",'Weekly Log'!$A:$A,">="&$J11,'Weekly Log'!$A:$A,"<"&$J11+7)/COUNTIFS('Weekly Log'!$G:$G,"<>",'Weekly Log'!$A:$A,">="&$J11,'Weekly Log'!$A:$A,"<"&$J11+7),0)) | D11: =IF($J11="","",IFERROR(COUNTIFS('Weekly Log'!$H:$H,"Y",'Weekly Log'!$A:$A,">="&$J11,'Weekly Log'!$A:$A,"<"&$J11+7)/COUNTIFS('Weekly Log'!$H:$H,"<>",'Weekly Log'!$A:$A,">="&$J11,'Weekly Log'!$A:$A,"<"&$J11+7),0)) | E11: =IF($J11="","",IFERROR(AVERAGEIFS('Weekly Log'!$F:$F,'Weekly Log'!$A:$A,">="&$J11,'Weekly Log'!$A:$A,"<"&$J11+7),0)) | F11: =IF($J11="","",IFERROR(SUMIFS('Weekly Log'!$F:$F,'Weekly Log'!$A:$A,">="&$J11,'Weekly Log'!$A:$A,"<"&$J11+7)/SUMIFS('Weekly Log'!$E:$E,'Weekly Log'!$A:$A,">="&$J11,'Weekly Log'!$A:$A,"<"&$J11+7),0)) | G11: =IF($J11="","",IFERROR(LOOKUP(2,1/(('Weekly Log'!$A$5:$A$5000>=$J11)*('Weekly Log'!$A$5:$A$5000<$J11+7)*('Weekly Log'!$M$5:$M$5000<>"")),'Weekly Log'!$M$5:$M$5000),0)) | J11: =IF(COUNT('Weekly Log'!$A$5:$A$5000)=0,"",IF(MIN('Weekly Log'!$A$5:$A$5000)+7*(ROW()-10)>MAX('Weekly Log'!$A$5:$A$5000),"",MIN('Weekly Log'!$A$5:$A$5000)+7*(ROW()-10)))
A12: =IF($J12="","",YEAR($J12-WEEKDAY($J12,2)+4)&"-W"&TEXT(WEEKNUM($J12,21),"00")) | B12: =IF($J12="","",SUMIFS('Weekly Log'!$C:$C,'Weekly Log'!$A:$A,">="&$J12,'Weekly Log'!$A:$A,"<"&$J12+7)) | C12: =IF($J12="","",IFERROR(COUNTIFS('Weekly Log'!$G:$G,"Y",'Weekly Log'!$A:$A,">="&$J12,'Weekly Log'!$A:$A,"<"&$J12+7)/COUNTIFS('Weekly Log'!$G:$G,"<>",'Weekly Log'!$A:$A,">="&$J12,'Weekly Log'!$A:$A,"<"&$J12+7),0)) | D12: =IF($J12="","",IFERROR(COUNTIFS('Weekly Log'!$H:$H,"Y",'Weekly Log'!$A:$A,">="&$J12,'Weekly Log'!$A:$A,"<"&$J12+7)/COUNTIFS('Weekly Log'!$H:$H,"<>",'Weekly Log'!$A:$A,">="&$J12,'Weekly Log'!$A:$A,"<"&$J12+7),0)) | E12: =IF($J12="","",IFERROR(AVERAGEIFS('Weekly Log'!$F:$F,'Weekly Log'!$A:$A,">="&$J12,'Weekly Log'!$A:$A,"<"&$J12+7),0)) | F12: =IF($J12="","",IFERROR(SUMIFS('Weekly Log'!$F:$F,'Weekly Log'!$A:$A,">="&$J12,'Weekly Log'!$A:$A,"<"&$J12+7)/SUMIFS('Weekly Log'!$E:$E,'Weekly Log'!$A:$A,">="&$J12,'Weekly Log'!$A:$A,"<"&$J12+7),0)) | G12: =IF($J12="","",IFERROR(LOOKUP(2,1/(('Weekly Log'!$A$5:$A$5000>=$J12)*('Weekly Log'!$A$5:$A$5000<$J12+7)*('Weekly Log'!$M$5:$M$5000<>"")),'Weekly Log'!$M$5:$M$5000),0)) | H12: Holiday staffing | J12: =IF(COUNT('Weekly Log'!$A$5:$A$5000)=0,"",IF(MIN('Weekly Log'!$A$5:$A$5000)+7*(ROW()-10)>MAX('Weekly Log'!$A$5:$A$5000),"",MIN('Weekly Log'!$A$5:$A$5000)+7*(ROW()-10)))
A13: =IF($J13="","",YEAR($J13-WEEKDAY($J13,2)+4)&"-W"&TEXT(WEEKNUM($J13,21),"00")) | B13: =IF($J13="","",SUMIFS('Weekly Log'!$C:$C,'Weekly Log'!$A:$A,">="&$J13,'Weekly Log'!$A:$A,"<"&$J13+7)) | C13: =IF($J13="","",IFERROR(COUNTIFS('Weekly Log'!$G:$G,"Y",'Weekly Log'!$A:$A,">="&$J13,'Weekly Log'!$A:$A,"<"&$J13+7)/COUNTIFS('Weekly Log'!$G:$G,"<>",'Weekly Log'!$A:$A,">="&$J13,'Weekly Log'!$A:$A,"<"&$J13+7),0)) | D13: =IF($J13="","",IFERROR(COUNTIFS('Weekly Log'!$H:$H,"Y",'Weekly Log'!$A:$A,">="&$J13,'Weekly Log'!$A:$A,"<"&$J13+7)/COUNTIFS('Weekly Log'!$H:$H,"<>",'Weekly Log'!$A:$A,">="&$J13,'Weekly Log'!$A:$A,"<"&$J13+7),0)) | E13: =IF($J13="","",IFERROR(AVERAGEIFS('Weekly Log'!$F:$F,'Weekly Log'!$A:$A,">="&$J13,'Weekly Log'!$A:$A,"<"&$J13+7),0)) | F13: =IF($J13="","",IFERROR(SUMIFS('Weekly Log'!$F:$F,'Weekly Log'!$A:$A,">="&$J13,'Weekly Log'!$A:$A,"<"&$J13+7)/SUMIFS('Weekly Log'!$E:$E,'Weekly Log'!$A:$A,">="&$J13,'Weekly Log'!$A:$A,"<"&$J13+7),0)) | G13: =IF($J13="","",IFERROR(LOOKUP(2,1/(('Weekly Log'!$A$5:$A$5000>=$J13)*('Weekly Log'!$A$5:$A$5000<$J13+7)*('Weekly Log'!$M$5:$M$5000<>"")),'Weekly Log'!$M$5:$M$5000),0)) | H13: Short week | J13: =IF(COUNT('Weekly Log'!$A$5:$A$5000)=0,"",IF(MIN('Weekly Log'!$A$5:$A$5000)+7*(ROW()-10)>MAX('Weekly Log'!$A$5:$A$5000),"",MIN('Weekly Log'!$A$5:$A$5000)+7*(ROW()-10)))
A14: =IF($J14="","",YEAR($J14-WEEKDAY($J14,2)+4)&"-W"&TEXT(WEEKNUM($J14,21),"00")) | B14: =IF($J14="","",SUMIFS('Weekly Log'!$C:$C,'Weekly Log'!$A:$A,">="&$J14,'Weekly Log'!$A:$A,"<"&$J14+7)) | C14: =IF($J14="","",IFERROR(COUNTIFS('Weekly Log'!$G:$G,"Y",'Weekly Log'!$A:$A,">="&$J14,'Weekly Log'!$A:$A,"<"&$J14+7)/COUNTIFS('Weekly Log'!$G:$G,"<>",'Weekly Log'!$A:$A,">="&$J14,'Weekly Log'!$A:$A,"<"&$J14+7),0)) | D14: =IF($J14="","",IFERROR(COUNTIFS('Weekly Log'!$H:$H,"Y",'Weekly Log'!$A:$A,">="&$J14,'Weekly Log'!$A:$A,"<"&$J14+7)/COUNTIFS('Weekly Log'!$H:$H,"<>",'Weekly Log'!$A:$A,">="&$J14,'Weekly Log'!$A:$A,"<"&$J14+7),0)) | E14: =IF($J14="","",IFERROR(AVERAGEIFS('Weekly Log'!$F:$F,'Weekly Log'!$A:$A,">="&$J14,'Weekly Log'!$A:$A,"<"&$J14+7),0)) | F14: =IF($J14="","",IFERROR(SUMIFS('Weekly Log'!$F:$F,'Weekly Log'!$A:$A,">="&$J14,'Weekly Log'!$A:$A,"<"&$J14+7)/SUMIFS('Weekly Log'!$E:$E,'Weekly Log'!$A:$A,">="&$J14,'Weekly Log'!$A:$A,"<"&$J14+7),0)) | G14: =IF($J14="","",IFERROR(LOOKUP(2,1/(('Weekly Log'!$A$5:$A$5000>=$J14)*('Weekly Log'!$A$5:$A$5000<$J14+7)*('Weekly Log'!$M$5:$M$5000<>"")),'Weekly Log'!$M$5:$M$5000),0)) | H14: Christmas week | J14: =IF(COUNT('Weekly Log'!$A$5:$A$5000)=0,"",IF(MIN('Weekly Log'!$A$5:$A$5000)+7*(ROW()-10)>MAX('Weekly Log'!$A$5:$A$5000),"",MIN('Weekly Log'!$A$5:$A$5000)+7*(ROW()-10)))
A15: =IF($J15="","",YEAR($J15-WEEKDAY($J15,2)+4)&"-W"&TEXT(WEEKNUM($J15,21),"00")) | B15: =IF($J15="","",SUMIFS('Weekly Log'!$C:$C,'Weekly Log'!$A:$A,">="&$J15,'Weekly Log'!$A:$A,"<"&$J15+7)) | C15: =IF($J15="","",IFERROR(COUNTIFS('Weekly Log'!$G:$G,"Y",'Weekly Log'!$A:$A,">="&$J15,'Weekly Log'!$A:$A,"<"&$J15+7)/COUNTIFS('Weekly Log'!$G:$G,"<>",'Weekly Log'!$A:$A,">="&$J15,'Weekly Log'!$A:$A,"<"&$J15+7),0)) | D15: =IF($J15="","",IFERROR(COUNTIFS('Weekly Log'!$H:$H,"Y",'Weekly Log'!$A:$A,">="&$J15,'Weekly Log'!$A:$A,"<"&$J15+7)/COUNTIFS('Weekly Log'!$H:$H,"<>",'Weekly Log'!$A:$A,">="&$J15,'Weekly Log'!$A:$A,"<"&$J15+7),0)) | E15: =IF($J15="","",IFERROR(AVERAGEIFS('Weekly Log'!$F:$F,'Weekly Log'!$A:$A,">="&$J15,'Weekly Log'!$A:$A,"<"&$J15+7),0)) | F15: =IF($J15="","",IFERROR(SUMIFS('Weekly Log'!$F:$F,'Weekly Log'!$A:$A,">="&$J15,'Weekly Log'!$A:$A,"<"&$J15+7)/SUMIFS('Weekly Log'!$E:$E,'Weekly Log'!$A:$A,">="&$J15,'Weekly Log'!$A:$A,"<"&$J15+7),0)) | G15: =IF($J15="","",IFERROR(LOOKUP(2,1/(('Weekly Log'!$A$5:$A$5000>=$J15)*('Weekly Log'!$A$5:$A$5000<$J15+7)*('Weekly Log'!$M$5:$M$5000<>"")),'Weekly Log'!$M$5:$M$5000),0)) | H15: New Years | J15: =IF(COUNT('Weekly Log'!$A$5:$A$5000)=0,"",IF(MIN('Weekly Log'!$A$5:$A$5000)+7*(ROW()-10)>MAX('Weekly Log'!$A$5:$A$5000),"",MIN('Weekly Log'!$A$5:$A$5000)+7*(ROW()-10)))
A16: =IF($J16="","",YEAR($J16-WEEKDAY($J16,2)+4)&"-W"&TEXT(WEEKNUM($J16,21),"00")) | B16: =IF($J16="","",SUMIFS('Weekly Log'!$C:$C,'Weekly Log'!$A:$A,">="&$J16,'Weekly Log'!$A:$A,"<"&$J16+7)) | C16: =IF($J16="","",IFERROR(COUNTIFS('Weekly Log'!$G:$G,"Y",'Weekly Log'!$A:$A,">="&$J16,'Weekly Log'!$A:$A,"<"&$J16+7)/COUNTIFS('Weekly Log'!$G:$G,"<>",'Weekly Log'!$A:$A,">="&$J16,'Weekly Log'!$A:$A,"<"&$J16+7),0)) | D16: =IF($J16="","",IFERROR(COUNTIFS('Weekly Log'!$H:$H,"Y",'Weekly Log'!$A:$A,">="&$J16,'Weekly Log'!$A:$A,"<"&$J16+7)/COUNTIFS('Weekly Log'!$H:$H,"<>",'Weekly Log'!$A:$A,">="&$J16,'Weekly Log'!$A:$A,"<"&$J16+7),0)) | E16: =IF($J16="","",IFERROR(AVERAGEIFS('Weekly Log'!$F:$F,'Weekly Log'!$A:$A,">="&$J16,'Weekly Log'!$A:$A,"<"&$J16+7),0)) | F16: =IF($J16="","",IFERROR(SUMIFS('Weekly Log'!$F:$F,'Weekly Log'!$A:$A,">="&$J16,'Weekly Log'!$A:$A,"<"&$J16+7)/SUMIFS('Weekly Log'!$E:$E,'Weekly Log'!$A:$A,">="&$J16,'Weekly Log'!$A:$A,"<"&$J16+7),0)) | G16: =IF($J16="","",IFERROR(LOOKUP(2,1/(('Weekly Log'!$A$5:$A$5000>=$J16)*('Weekly Log'!$A$5:$A$5000<$J16+7)*('Weekly Log'!$M$5:$M$5000<>"")),'Weekly Log'!$M$5:$M$5000),0)) | H16: Back to full staff | J16: =IF(COUNT('Weekly Log'!$A$5:$A$5000)=0,"",IF(MIN('Weekly Log'!$A$5:$A$5000)+7*(ROW()-10)>MAX('Weekly Log'!$A$5:$A$5000),"",MIN('Weekly Log'!$A$5:$A$5000)+7*(ROW()-10)))
A17: =IF($J17="","",YEAR($J17-WEEKDAY($J17,2)+4)&"-W"&TEXT(WEEKNUM($J17,21),"00")) | B17: =IF($J17="","",SUMIFS('Weekly Log'!$C:$C,'Weekly Log'!$A:$A,">="&$J17,'Weekly Log'!$A:$A,"<"&$J17+7)) | C17: =IF($J17="","",IFERROR(COUNTIFS('Weekly Log'!$G:$G,"Y",'Weekly Log'!$A:$A,">="&$J17,'Weekly Log'!$A:$A,"<"&$J17+7)/COUNTIFS('Weekly Log'!$G:$G,"<>",'Weekly Log'!$A:$A,">="&$J17,'Weekly Log'!$A:$A,"<"&$J17+7),0)) | D17: =IF($J17="","",IFERROR(COUNTIFS('Weekly Log'!$H:$H,"Y",'Weekly Log'!$A:$A,">="&$J17,'Weekly Log'!$A:$A,"<"&$J17+7)/COUNTIFS('Weekly Log'!$H:$H,"<>",'Weekly Log'!$A:$A,">="&$J17,'Weekly Log'!$A:$A,"<"&$J17+7),0)) | E17: =IF($J17="","",IFERROR(AVERAGEIFS('Weekly Log'!$F:$F,'Weekly Log'!$A:$A,">="&$J17,'Weekly Log'!$A:$A,"<"&$J17+7),0)) | F17: =IF($J17="","",IFERROR(SUMIFS('Weekly Log'!$F:$F,'Weekly Log'!$A:$A,">="&$J17,'Weekly Log'!$A:$A,"<"&$J17+7)/SUMIFS('Weekly Log'!$E:$E,'Weekly Log'!$A:$A,">="&$J17,'Weekly Log'!$A:$A,"<"&$J17+7),0)) | G17: =IF($J17="","",IFERROR(LOOKUP(2,1/(('Weekly Log'!$A$5:$A$5000>=$J17)*('Weekly Log'!$A$5:$A$5000<$J17+7)*('Weekly Log'!$M$5:$M$5000<>"")),'Weekly Log'!$M$5:$M$5000),0)) | J17: =IF(COUNT('Weekly Log'!$A$5:$A$5000)=0,"",IF(MIN('Weekly Log'!$A$5:$A$5000)+7*(ROW()-10)>MAX('Weekly Log'!$A$5:$A$5000),"",MIN('Weekly Log'!$A$5:$A$5000)+7*(ROW()-10)))
A18: =IF($J18="","",YEAR($J18-WEEKDAY($J18,2)+4)&"-W"&TEXT(WEEKNUM($J18,21),"00")) | B18: =IF($J18="","",SUMIFS('Weekly Log'!$C:$C,'Weekly Log'!$A:$A,">="&$J18,'Weekly Log'!$A:$A,"<"&$J18+7)) | C18: =IF($J18="","",IFERROR(COUNTIFS('Weekly Log'!$G:$G,"Y",'Weekly Log'!$A:$A,">="&$J18,'Weekly Log'!$A:$A,"<"&$J18+7)/COUNTIFS('Weekly Log'!$G:$G,"<>",'Weekly Log'!$A:$A,">="&$J18,'Weekly Log'!$A:$A,"<"&$J18+7),0)) | D18: =IF($J18="","",IFERROR(COUNTIFS('Weekly Log'!$H:$H,"Y",'Weekly Log'!$A:$A,">="&$J18,'Weekly Log'!$A:$A,"<"&$J18+7)/COUNTIFS('Weekly Log'!$H:$H,"<>",'Weekly Log'!$A:$A,">="&$J18,'Weekly Log'!$A:$A,"<"&$J18+7),0)) | E18: =IF($J18="","",IFERROR(AVERAGEIFS('Weekly Log'!$F:$F,'Weekly Log'!$A:$A,">="&$J18,'Weekly Log'!$A:$A,"<"&$J18+7),0)) | F18: =IF($J18="","",IFERROR(SUMIFS('Weekly Log'!$F:$F,'Weekly Log'!$A:$A,">="&$J18,'Weekly Log'!$A:$A,"<"&$J18+7)/SUMIFS('Weekly Log'!$E:$E,'Weekly Log'!$A:$A,">="&$J18,'Weekly Log'!$A:$A,"<"&$J18+7),0)) | G18: =IF($J18="","",IFERROR(LOOKUP(2,1/(('Weekly Log'!$A$5:$A$5000>=$J18)*('Weekly Log'!$A$5:$A$5000<$J18+7)*('Weekly Log'!$M$5:$M$5000<>"")),'Weekly Log'!$M$5:$M$5000),0)) | J18: =IF(COUNT('Weekly Log'!$A$5:$A$5000)=0,"",IF(MIN('Weekly Log'!$A$5:$A$5000)+7*(ROW()-10)>MAX('Weekly Log'!$A$5:$A$5000),"",MIN('Weekly Log'!$A$5:$A$5000)+7*(ROW()-10)))
A19: =IF($J19="","",YEAR($J19-WEEKDAY($J19,2)+4)&"-W"&TEXT(WEEKNUM($J19,21),"00")) | B19: =IF($J19="","",SUMIFS('Weekly Log'!$C:$C,'Weekly Log'!$A:$A,">="&$J19,'Weekly Log'!$A:$A,"<"&$J19+7)) | C19: =IF($J19="","",IFERROR(COUNTIFS('Weekly Log'!$G:$G,"Y",'Weekly Log'!$A:$A,">="&$J19,'Weekly Log'!$A:$A,"<"&$J19+7)/COUNTIFS('Weekly Log'!$G:$G,"<>",'Weekly Log'!$A:$A,">="&$J19,'Weekly Log'!$A:$A,"<"&$J19+7),0)) | D19: =IF($J19="","",IFERROR(COUNTIFS('Weekly Log'!$H:$H,"Y",'Weekly Log'!$A:$A,">="&$J19,'Weekly Log'!$A:$A,"<"&$J19+7)/COUNTIFS('Weekly Log'!$H:$H,"<>",'Weekly Log'!$A:$A,">="&$J19,'Weekly Log'!$A:$A,"<"&$J19+7),0)) | E19: =IF($J19="","",IFERROR(AVERAGEIFS('Weekly Log'!$F:$F,'Weekly Log'!$A:$A,">="&$J19,'Weekly Log'!$A:$A,"<"&$J19+7),0)) | F19: =IF($J19="","",IFERROR(SUMIFS('Weekly Log'!$F:$F,'Weekly Log'!$A:$A,">="&$J19,'Weekly Log'!$A:$A,"<"&$J19+7)/SUMIFS('Weekly Log'!$E:$E,'Weekly Log'!$A:$A,">="&$J19,'Weekly Log'!$A:$A,"<"&$J19+7),0)) | G19: =IF($J19="","",IFERROR(LOOKUP(2,1/(('Weekly Log'!$A$5:$A$5000>=$J19)*('Weekly Log'!$A$5:$A$5000<$J19+7)*('Weekly Log'!$M$5:$M$5000<>"")),'Weekly Log'!$M$5:$M$5000),0)) | J19: =IF(COUNT('Weekly Log'!$A$5:$A$5000)=0,"",IF(MIN('Weekly Log'!$A$5:$A$5000)+7*(ROW()-10)>MAX('Weekly Log'!$A$5:$A$5000),"",MIN('Weekly Log'!$A$5:$A$5000)+7*(ROW()-10)))
A20: =IF($J20="","",YEAR($J20-WEEKDAY($J20,2)+4)&"-W"&TEXT(WEEKNUM($J20,21),"00")) | B20: =IF($J20="","",SUMIFS('Weekly Log'!$C:$C,'Weekly Log'!$A:$A,">="&$J20,'Weekly Log'!$A:$A,"<"&$J20+7)) | C20: =IF($J20="","",IFERROR(COUNTIFS('Weekly Log'!$G:$G,"Y",'Weekly Log'!$A:$A,">="&$J20,'Weekly Log'!$A:$A,"<"&$J20+7)/COUNTIFS('Weekly Log'!$G:$G,"<>",'Weekly Log'!$A:$A,">="&$J20,'Weekly Log'!$A:$A,"<"&$J20+7),0)) | D20: =IF($J20="","",IFERROR(COUNTIFS('Weekly Log'!$H:$H,"Y",'Weekly Log'!$A:$A,">="&$J20,'Weekly Log'!$A:$A,"<"&$J20+7)/COUNTIFS('Weekly Log'!$H:$H,"<>",'Weekly Log'!$A:$A,">="&$J20,'Weekly Log'!$A:$A,"<"&$J20+7),0)) | E20: =IF($J20="","",IFERROR(AVERAGEIFS('Weekly Log'!$F:$F,'Weekly Log'!$A:$A,">="&$J20,'Weekly Log'!$A:$A,"<"&$J20+7),0)) | F20: =IF($J20="","",IFERROR(SUMIFS('Weekly Log'!$F:$F,'Weekly Log'!$A:$A,">="&$J20,'Weekly Log'!$A:$A,"<"&$J20+7)/SUMIFS('Weekly Log'!$E:$E,'Weekly Log'!$A:$A,">="&$J20,'Weekly Log'!$A:$A,"<"&$J20+7),0)) | G20: =IF($J20="","",IFERROR(LOOKUP(2,1/(('Weekly Log'!$A$5:$A$5000>=$J20)*('Weekly Log'!$A$5:$A$5000<$J20+7)*('Weekly Log'!$M$5:$M$5000<>"")),'Weekly Log'!$M$5:$M$5000),0)) | J20: =IF(COUNT('Weekly Log'!$A$5:$A$5000)=0,"",IF(MIN('Weekly Log'!$A$5:$A$5000)+7*(ROW()-10)>MAX('Weekly Log'!$A$5:$A$5000),"",MIN('Weekly Log'!$A$5:$A$5000)+7*(ROW()-10)))
A21: =IF($J21="","",YEAR($J21-WEEKDAY($J21,2)+4)&"-W"&TEXT(WEEKNUM($J21,21),"00")) | B21: =IF($J21="","",SUMIFS('Weekly Log'!$C:$C,'Weekly Log'!$A:$A,">="&$J21,'Weekly Log'!$A:$A,"<"&$J21+7)) | C21: =IF($J21="","",IFERROR(COUNTIFS('Weekly Log'!$G:$G,"Y",'Weekly Log'!$A:$A,">="&$J21,'Weekly Log'!$A:$A,"<"&$J21+7)/COUNTIFS('Weekly Log'!$G:$G,"<>",'Weekly Log'!$A:$A,">="&$J21,'Weekly Log'!$A:$A,"<"&$J21+7),0)) | D21: =IF($J21="","",IFERROR(COUNTIFS('Weekly Log'!$H:$H,"Y",'Weekly Log'!$A:$A,">="&$J21,'Weekly Log'!$A:$A,"<"&$J21+7)/COUNTIFS('Weekly Log'!$H:$H,"<>",'Weekly Log'!$A:$A,">="&$J21,'Weekly Log'!$A:$A,"<"&$J21+7),0)) | E21: =IF($J21="","",IFERROR(AVERAGEIFS('Weekly Log'!$F:$F,'Weekly Log'!$A:$A,">="&$J21,'Weekly Log'!$A:$A,"<"&$J21+7),0)) | F21: =IF($J21="","",IFERROR(SUMIFS('Weekly Log'!$F:$F,'Weekly Log'!$A:$A,">="&$J21,'Weekly Log'!$A:$A,"<"&$J21+7)/SUMIFS('Weekly Log'!$E:$E,'Weekly Log'!$A:$A,">="&$J21,'Weekly Log'!$A:$A,"<"&$J21+7),0)) | G21: =IF($J21="","",IFERROR(LOOKUP(2,1/(('Weekly Log'!$A$5:$A$5000>=$J21)*('Weekly Log'!$A$5:$A$5000<$J21+7)*('Weekly Log'!$M$5:$M$5000<>"")),'Weekly Log'!$M$5:$M$5000),0)) | J21: =IF(COUNT('Weekly Log'!$A$5:$A$5000)=0,"",IF(MIN('Weekly Log'!$A$5:$A$5000)+7*(ROW()-10)>MAX('Weekly Log'!$A$5:$A$5000),"",MIN('Weekly Log'!$A$5:$A$5000)+7*(ROW()-10)))
A22: =IF($J22="","",YEAR($J22-WEEKDAY($J22,2)+4)&"-W"&TEXT(WEEKNUM($J22,21),"00")) | B22: =IF($J22="","",SUMIFS('Weekly Log'!$C:$C,'Weekly Log'!$A:$A,">="&$J22,'Weekly Log'!$A:$A,"<"&$J22+7)) | C22: =IF($J22="","",IFERROR(COUNTIFS('Weekly Log'!$G:$G,"Y",'Weekly Log'!$A:$A,">="&$J22,'Weekly Log'!$A:$A,"<"&$J22+7)/COUNTIFS('Weekly Log'!$G:$G,"<>",'Weekly Log'!$A:$A,">="&$J22,'Weekly Log'!$A:$A,"<"&$J22+7),0)) | D22: =IF($J22="","",IFERROR(COUNTIFS('Weekly Log'!$H:$H,"Y",'Weekly Log'!$A:$A,">="&$J22,'Weekly Log'!$A:$A,"<"&$J22+7)/COUNTIFS('Weekly Log'!$H:$H,"<>",'Weekly Log'!$A:$A,">="&$J22,'Weekly Log'!$A:$A,"<"&$J22+7),0)) | E22: =IF($J22="","",IFERROR(AVERAGEIFS('Weekly Log'!$F:$F,'Weekly Log'!$A:$A,">="&$J22,'Weekly Log'!$A:$A,"<"&$J22+7),0)) | F22: =IF($J22="","",IFERROR(SUMIFS('Weekly Log'!$F:$F,'Weekly Log'!$A:$A,">="&$J22,'Weekly Log'!$A:$A,"<"&$J22+7)/SUMIFS('Weekly Log'!$E:$E,'Weekly Log'!$A:$A,">="&$J22,'Weekly Log'!$A:$A,"<"&$J22+7),0)) | G22: =IF($J22="","",IFERROR(LOOKUP(2,1/(('Weekly Log'!$A$5:$A$5000>=$J22)*('Weekly Log'!$A$5:$A$5000<$J22+7)*('Weekly Log'!$M$5:$M$5000<>"")),'Weekly Log'!$M$5:$M$5000),0)) | J22: =IF(COUNT('Weekly Log'!$A$5:$A$5000)=0,"",IF(MIN('Weekly Log'!$A$5:$A$5000)+7*(ROW()-10)>MAX('Weekly Log'!$A$5:$A$5000),"",MIN('Weekly Log'!$A$5:$A$5000)+7*(ROW()-10)))
A23: =IF($J23="","",YEAR($J23-WEEKDAY($J23,2)+4)&"-W"&TEXT(WEEKNUM($J23,21),"00")) | B23: =IF($J23="","",SUMIFS('Weekly Log'!$C:$C,'Weekly Log'!$A:$A,">="&$J23,'Weekly Log'!$A:$A,"<"&$J23+7)) | C23: =IF($J23="","",IFERROR(COUNTIFS('Weekly Log'!$G:$G,"Y",'Weekly Log'!$A:$A,">="&$J23,'Weekly Log'!$A:$A,"<"&$J23+7)/COUNTIFS('Weekly Log'!$G:$G,"<>",'Weekly Log'!$A:$A,">="&$J23,'Weekly Log'!$A:$A,"<"&$J23+7),0)) | D23: =IF($J23="","",IFERROR(COUNTIFS('Weekly Log'!$H:$H,"Y",'Weekly Log'!$A:$A,">="&$J23,'Weekly Log'!$A:$A,"<"&$J23+7)/COUNTIFS('Weekly Log'!$H:$H,"<>",'Weekly Log'!$A:$A,">="&$J23,'Weekly Log'!$A:$A,"<"&$J23+7),0)) | E23: =IF($J23="","",IFERROR(AVERAGEIFS('Weekly Log'!$F:$F,'Weekly Log'!$A:$A,">="&$J23,'Weekly Log'!$A:$A,"<"&$J23+7),0)) | F23: =IF($J23="","",IFERROR(SUMIFS('Weekly Log'!$F:$F,'Weekly Log'!$A:$A,">="&$J23,'Weekly Log'!$A:$A,"<"&$J23+7)/SUMIFS('Weekly Log'!$E:$E,'Weekly Log'!$A:$A,">="&$J23,'Weekly Log'!$A:$A,"<"&$J23+7),0)) | G23: =IF($J23="","",IFERROR(LOOKUP(2,1/(('Weekly Log'!$A$5:$A$5000>=$J23)*('Weekly Log'!$A$5:$A$5000<$J23+7)*('Weekly Log'!$M$5:$M$5000<>"")),'Weekly Log'!$M$5:$M$5000),0)) | J23: =IF(COUNT('Weekly Log'!$A$5:$A$5000)=0,"",IF(MIN('Weekly Log'!$A$5:$A$5000)+7*(ROW()-10)>MAX('Weekly Log'!$A$5:$A$5000),"",MIN('Weekly Log'!$A$5:$A$5000)+7*(ROW()-10)))
A24: =IF($J24="","",YEAR($J24-WEEKDAY($J24,2)+4)&"-W"&TEXT(WEEKNUM($J24,21),"00")) | B24: =IF($J24="","",SUMIFS('Weekly Log'!$C:$C,'Weekly Log'!$A:$A,">="&$J24,'Weekly Log'!$A:$A,"<"&$J24+7)) | C24: =IF($J24="","",IFERROR(COUNTIFS('Weekly Log'!$G:$G,"Y",'Weekly Log'!$A:$A,">="&$J24,'Weekly Log'!$A:$A,"<"&$J24+7)/COUNTIFS('Weekly Log'!$G:$G,"<>",'Weekly Log'!$A:$A,">="&$J24,'Weekly Log'!$A:$A,"<"&$J24+7),0)) | D24: =IF($J24="","",IFERROR(COUNTIFS('Weekly Log'!$H:$H,"Y",'Weekly Log'!$A:$A,">="&$J24,'Weekly Log'!$A:$A,"<"&$J24+7)/COUNTIFS('Weekly Log'!$H:$H,"<>",'Weekly Log'!$A:$A,">="&$J24,'Weekly Log'!$A:$A,"<"&$J24+7),0)) | E24: =IF($J24="","",IFERROR(AVERAGEIFS('Weekly Log'!$F:$F,'Weekly Log'!$A:$A,">="&$J24,'Weekly Log'!$A:$A,"<"&$J24+7),0)) | F24: =IF($J24="","",IFERROR(SUMIFS('Weekly Log'!$F:$F,'Weekly Log'!$A:$A,">="&$J24,'Weekly Log'!$A:$A,"<"&$J24+7)/SUMIFS('Weekly Log'!$E:$E,'Weekly Log'!$A:$A,">="&$J24,'Weekly Log'!$A:$A,"<"&$J24+7),0)) | G24: =IF($J24="","",IFERROR(LOOKUP(2,1/(('Weekly Log'!$A$5:$A$5000>=$J24)*('Weekly Log'!$A$5:$A$5000<$J24+7)*('Weekly Log'!$M$5:$M$5000<>"")),'Weekly Log'!$M$5:$M$5000),0)) | H24: Short week | J24: =IF(COUNT('Weekly Log'!$A$5:$A$5000)=0,"",IF(MIN('Weekly Log'!$A$5:$A$5000)+7*(ROW()-10)>MAX('Weekly Log'!$A$5:$A$5000),"",MIN('Weekly Log'!$A$5:$A$5000)+7*(ROW()-10)))
A25: =IF($J25="","",YEAR($J25-WEEKDAY($J25,2)+4)&"-W"&TEXT(WEEKNUM($J25,21),"00")) | B25: =IF($J25="","",SUMIFS('Weekly Log'!$C:$C,'Weekly Log'!$A:$A,">="&$J25,'Weekly Log'!$A:$A,"<"&$J25+7)) | C25: =IF($J25="","",IFERROR(COUNTIFS('Weekly Log'!$G:$G,"Y",'Weekly Log'!$A:$A,">="&$J25,'Weekly Log'!$A:$A,"<"&$J25+7)/COUNTIFS('Weekly Log'!$G:$G,"<>",'Weekly Log'!$A:$A,">="&$J25,'Weekly Log'!$A:$A,"<"&$J25+7),0)) | D25: =IF($J25="","",IFERROR(COUNTIFS('Weekly Log'!$H:$H,"Y",'Weekly Log'!$A:$A,">="&$J25,'Weekly Log'!$A:$A,"<"&$J25+7)/COUNTIFS('Weekly Log'!$H:$H,"<>",'Weekly Log'!$A:$A,">="&$J25,'Weekly Log'!$A:$A,"<"&$J25+7),0)) | E25: =IF($J25="","",IFERROR(AVERAGEIFS('Weekly Log'!$F:$F,'Weekly Log'!$A:$A,">="&$J25,'Weekly Log'!$A:$A,"<"&$J25+7),0)) | F25: =IF($J25="","",IFERROR(SUMIFS('Weekly Log'!$F:$F,'Weekly Log'!$A:$A,">="&$J25,'Weekly Log'!$A:$A,"<"&$J25+7)/SUMIFS('Weekly Log'!$E:$E,'Weekly Log'!$A:$A,">="&$J25,'Weekly Log'!$A:$A,"<"&$J25+7),0)) | G25: =IF($J25="","",IFERROR(LOOKUP(2,1/(('Weekly Log'!$A$5:$A$5000>=$J25)*('Weekly Log'!$A$5:$A$5000<$J25+7)*('Weekly Log'!$M$5:$M$5000<>"")),'Weekly Log'!$M$5:$M$5000),0)) | J25: =IF(COUNT('Weekly Log'!$A$5:$A$5000)=0,"",IF(MIN('Weekly Log'!$A$5:$A$5000)+7*(ROW()-10)>MAX('Weekly Log'!$A$5:$A$5000),"",MIN('Weekly Log'!$A$5:$A$5000)+7*(ROW()-10)))
A26: =IF($J26="","",YEAR($J26-WEEKDAY($J26,2)+4)&"-W"&TEXT(WEEKNUM($J26,21),"00")) | B26: =IF($J26="","",SUMIFS('Weekly Log'!$C:$C,'Weekly Log'!$A:$A,">="&$J26,'Weekly Log'!$A:$A,"<"&$J26+7)) | C26: =IF($J26="","",IFERROR(COUNTIFS('Weekly Log'!$G:$G,"Y",'Weekly Log'!$A:$A,">="&$J26,'Weekly Log'!$A:$A,"<"&$J26+7)/COUNTIFS('Weekly Log'!$G:$G,"<>",'Weekly Log'!$A:$A,">="&$J26,'Weekly Log'!$A:$A,"<"&$J26+7),0)) | D26: =IF($J26="","",IFERROR(COUNTIFS('Weekly Log'!$H:$H,"Y",'Weekly Log'!$A:$A,">="&$J26,'Weekly Log'!$A:$A,"<"&$J26+7)/COUNTIFS('Weekly Log'!$H:$H,"<>",'Weekly Log'!$A:$A,">="&$J26,'Weekly Log'!$A:$A,"<"&$J26+7),0)) | E26: =IF($J26="","",IFERROR(AVERAGEIFS('Weekly Log'!$F:$F,'Weekly Log'!$A:$A,">="&$J26,'Weekly Log'!$A:$A,"<"&$J26+7),0)) | F26: =IF($J26="","",IFERROR(SUMIFS('Weekly Log'!$F:$F,'Weekly Log'!$A:$A,">="&$J26,'Weekly Log'!$A:$A,"<"&$J26+7)/SUMIFS('Weekly Log'!$E:$E,'Weekly Log'!$A:$A,">="&$J26,'Weekly Log'!$A:$A,"<"&$J26+7),0)) | G26: =IF($J26="","",IFERROR(LOOKUP(2,1/(('Weekly Log'!$A$5:$A$5000>=$J26)*('Weekly Log'!$A$5:$A$5000<$J26+7)*('Weekly Log'!$M$5:$M$5000<>"")),'Weekly Log'!$M$5:$M$5000),0)) | H26: Weather delays | J26: =IF(COUNT('Weekly Log'!$A$5:$A$5000)=0,"",IF(MIN('Weekly Log'!$A$5:$A$5000)+7*(ROW()-10)>MAX('Weekly Log'!$A$5:$A$5000),"",MIN('Weekly Log'!$A$5:$A$5000)+7*(ROW()-10)))
A27: =IF($J27="","",YEAR($J27-WEEKDAY($J27,2)+4)&"-W"&TEXT(WEEKNUM($J27,21),"00")) | B27: =IF($J27="","",SUMIFS('Weekly Log'!$C:$C,'Weekly Log'!$A:$A,">="&$J27,'Weekly Log'!$A:$A,"<"&$J27+7)) | C27: =IF($J27="","",IFERROR(COUNTIFS('Weekly Log'!$G:$G,"Y",'Weekly Log'!$A:$A,">="&$J27,'Weekly Log'!$A:$A,"<"&$J27+7)/COUNTIFS('Weekly Log'!$G:$G,"<>",'Weekly Log'!$A:$A,">="&$J27,'Weekly Log'!$A:$A,"<"&$J27+7),0)) | D27: =IF($J27="","",IFERROR(COUNTIFS('Weekly Log'!$H:$H,"Y",'Weekly Log'!$A:$A,">="&$J27,'Weekly Log'!$A:$A,"<"&$J27+7)/COUNTIFS('Weekly Log'!$H:$H,"<>",'Weekly Log'!$A:$A,">="&$J27,'Weekly Log'!$A:$A,"<"&$J27+7),0)) | E27: =IF($J27="","",IFERROR(AVERAGEIFS('Weekly Log'!$F:$F,'Weekly Log'!$A:$A,">="&$J27,'Weekly Log'!$A:$A,"<"&$J27+7),0)) | F27: =IF($J27="","",IFERROR(SUMIFS('Weekly Log'!$F:$F,'Weekly Log'!$A:$A,">="&$J27,'Weekly Log'!$A:$A,"<"&$J27+7)/SUMIFS('Weekly Log'!$E:$E,'Weekly Log'!$A:$A,">="&$J27,'Weekly Log'!$A:$A,"<"&$J27+7),0)) | G27: =IF($J27="","",IFERROR(LOOKUP(2,1/(('Weekly Log'!$A$5:$A$5000>=$J27)*('Weekly Log'!$A$5:$A$5000<$J27+7)*('Weekly Log'!$M$5:$M$5000<>"")),'Weekly Log'!$M$5:$M$5000),0)) | J27: =IF(COUNT('Weekly Log'!$A$5:$A$5000)=0,"",IF(MIN('Weekly Log'!$A$5:$A$5000)+7*(ROW()-10)>MAX('Weekly Log'!$A$5:$A$5000),"",MIN('Weekly Log'!$A$5:$A$5000)+7*(ROW()-10)))
A28: =IF($J28="","",YEAR($J28-WEEKDAY($J28,2)+4)&"-W"&TEXT(WEEKNUM($J28,21),"00")) | B28: =IF($J28="","",SUMIFS('Weekly Log'!$C:$C,'Weekly Log'!$A:$A,">="&$J28,'Weekly Log'!$A:$A,"<"&$J28+7)) | C28: =IF($J28="","",IFERROR(COUNTIFS('Weekly Log'!$G:$G,"Y",'Weekly Log'!$A:$A,">="&$J28,'Weekly Log'!$A:$A,"<"&$J28+7)/COUNTIFS('Weekly Log'!$G:$G,"<>",'Weekly Log'!$A:$A,">="&$J28,'Weekly Log'!$A:$A,"<"&$J28+7),0)) | D28: =IF($J28="","",IFERROR(COUNTIFS('Weekly Log'!$H:$H,"Y",'Weekly Log'!$A:$A,">="&$J28,'Weekly Log'!$A:$A,"<"&$J28+7)/COUNTIFS('Weekly Log'!$H:$H,"<>",'Weekly Log'!$A:$A,">="&$J28,'Weekly Log'!$A:$A,"<"&$J28+7),0)) | E28: =IF($J28="","",IFERROR(AVERAGEIFS('Weekly Log'!$F:$F,'Weekly Log'!$A:$A,">="&$J28,'Weekly Log'!$A:$A,"<"&$J28+7),0)) | F28: =IF($J28="","",IFERROR(SUMIFS('Weekly Log'!$F:$F,'Weekly Log'!$A:$A,">="&$J28,'Weekly Log'!$A:$A,"<"&$J28+7)/SUMIFS('Weekly Log'!$E:$E,'Weekly Log'!$A:$A,">="&$J28,'Weekly Log'!$A:$A,"<"&$J28+7),0)) | G28: =IF($J28="","",IFERROR(LOOKUP(2,1/(('Weekly Log'!$A$5:$A$5000>=$J28)*('Weekly Log'!$A$5:$A$5000<$J28+7)*('Weekly Log'!$M$5:$M$5000<>"")),'Weekly Log'!$M$5:$M$5000),0)) | J28: =IF(COUNT('Weekly Log'!$A$5:$A$5000)=0,"",IF(MIN('Weekly Log'!$A$5:$A$5000)+7*(ROW()-10)>MAX('Weekly Log'!$A$5:$A$5000),"",MIN('Weekly Log'!$A$5:$A$5000)+7*(ROW()-10)))
A29: =IF($J29="","",YEAR($J29-WEEKDAY($J29,2)+4)&"-W"&TEXT(WEEKNUM($J29,21),"00")) | B29: =IF($J29="","",SUMIFS('Weekly Log'!$C:$C,'Weekly Log'!$A:$A,">="&$J29,'Weekly Log'!$A:$A,"<"&$J29+7)) | C29: =IF($J29="","",IFERROR(COUNTIFS('Weekly Log'!$G:$G,"Y",'Weekly Log'!$A:$A,">="&$J29,'Weekly Log'!$A:$A,"<"&$J29+7)/COUNTIFS('Weekly Log'!$G:$G,"<>",'Weekly Log'!$A:$A,">="&$J29,'Weekly Log'!$A:$A,"<"&$J29+7),0)) | D29: =IF($J29="","",IFERROR(COUNTIFS('Weekly Log'!$H:$H,"Y",'Weekly Log'!$A:$A,">="&$J29,'Weekly Log'!$A:$A,"<"&$J29+7)/COUNTIFS('Weekly Log'!$H:$H,"<>",'Weekly Log'!$A:$A,">="&$J29,'Weekly Log'!$A:$A,"<"&$J29+7),0)) | E29: =IF($J29="","",IFERROR(AVERAGEIFS('Weekly Log'!$F:$F,'Weekly Log'!$A:$A,">="&$J29,'Weekly Log'!$A:$A,"<"&$J29+7),0)) | F29: =IF($J29="","",IFERROR(SUMIFS('Weekly Log'!$F:$F,'Weekly Log'!$A:$A,">="&$J29,'Weekly Log'!$A:$A,"<"&$J29+7)/SUMIFS('Weekly Log'!$E:$E,'Weekly Log'!$A:$A,">="&$J29,'Weekly Log'!$A:$A,"<"&$J29+7),0)) | G29: =IF($J29="","",IFERROR(LOOKUP(2,1/(('Weekly Log'!$A$5:$A$5000>=$J29)*('Weekly Log'!$A$5:$A$5000<$J29+7)*('Weekly Log'!$M$5:$M$5000<>"")),'Weekly Log'!$M$5:$M$5000),0)) | J29: =IF(COUNT('Weekly Log'!$A$5:$A$5000)=0,"",IF(MIN('Weekly Log'!$A$5:$A$5000)+7*(ROW()-10)>MAX('Weekly Log'!$A$5:$A$5000),"",MIN('Weekly Log'!$A$5:$A$5000)+7*(ROW()-10)))
A30: =IF($J30="","",YEAR($J30-WEEKDAY($J30,2)+4)&"-W"&TEXT(WEEKNUM($J30,21),"00")) | B30: =IF($J30="","",SUMIFS('Weekly Log'!$C:$C,'Weekly Log'!$A:$A,">="&$J30,'Weekly Log'!$A:$A,"<"&$J30+7)) | C30: =IF($J30="","",IFERROR(COUNTIFS('Weekly Log'!$G:$G,"Y",'Weekly Log'!$A:$A,">="&$J30,'Weekly Log'!$A:$A,"<"&$J30+7)/COUNTIFS('Weekly Log'!$G:$G,"<>",'Weekly Log'!$A:$A,">="&$J30,'Weekly Log'!$A:$A,"<"&$J30+7),0)) | D30: =IF($J30="","",IFERROR(COUNTIFS('Weekly Log'!$H:$H,"Y",'Weekly Log'!$A:$A,">="&$J30,'Weekly Log'!$A:$A,"<"&$J30+7)/COUNTIFS('Weekly Log'!$H:$H,"<>",'Weekly Log'!$A:$A,">="&$J30,'Weekly Log'!$A:$A,"<"&$J30+7),0)) | E30: =IF($J30="","",IFERROR(AVERAGEIFS('Weekly Log'!$F:$F,'Weekly Log'!$A:$A,">="&$J30,'Weekly Log'!$A:$A,"<"&$J30+7),0)) | F30: =IF($J30="","",IFERROR(SUMIFS('Weekly Log'!$F:$F,'Weekly Log'!$A:$A,">="&$J30,'Weekly Log'!$A:$A,"<"&$J30+7)/SUMIFS('Weekly Log'!$E:$E,'Weekly Log'!$A:$A,">="&$J30,'Weekly Log'!$A:$A,"<"&$J30+7),0)) | G30: =IF($J30="","",IFERROR(LOOKUP(2,1/(('Weekly Log'!$A$5:$A$5000>=$J30)*('Weekly Log'!$A$5:$A$5000<$J30+7)*('Weekly Log'!$M$5:$M$5000<>"")),'Weekly Log'!$M$5:$M$5000),0)) | J30: =IF(COUNT('Weekly Log'!$A$5:$A$5000)=0,"",IF(MIN('Weekly Log'!$A$5:$A$5000)+7*(ROW()-10)>MAX('Weekly Log'!$A$5:$A$5000),"",MIN('Weekly Log'!$A$5:$A$5000)+7*(ROW()-10)))
A31: =IF($J31="","",YEAR($J31-WEEKDAY($J31,2)+4)&"-W"&TEXT(WEEKNUM($J31,21),"00")) | B31: =IF($J31="","",SUMIFS('Weekly Log'!$C:$C,'Weekly Log'!$A:$A,">="&$J31,'Weekly Log'!$A:$A,"<"&$J31+7)) | C31: =IF($J31="","",IFERROR(COUNTIFS('Weekly Log'!$G:$G,"Y",'Weekly Log'!$A:$A,">="&$J31,'Weekly Log'!$A:$A,"<"&$J31+7)/COUNTIFS('Weekly Log'!$G:$G,"<>",'Weekly Log'!$A:$A,">="&$J31,'Weekly Log'!$A:$A,"<"&$J31+7),0)) | D31: =IF($J31="","",IFERROR(COUNTIFS('Weekly Log'!$H:$H,"Y",'Weekly Log'!$A:$A,">="&$J31,'Weekly Log'!$A:$A,"<"&$J31+7)/COUNTIFS('Weekly Log'!$H:$H,"<>",'Weekly Log'!$A:$A,">="&$J31,'Weekly Log'!$A:$A,"<"&$J31+7),0)) | E31: =IF($J31="","",IFERROR(AVERAGEIFS('Weekly Log'!$F:$F,'Weekly Log'!$A:$A,">="&$J31,'Weekly Log'!$A:$A,"<"&$J31+7),0)) | F31: =IF($J31="","",IFERROR(SUMIFS('Weekly Log'!$F:$F,'Weekly Log'!$A:$A,">="&$J31,'Weekly Log'!$A:$A,"<"&$J31+7)/SUMIFS('Weekly Log'!$E:$E,'Weekly Log'!$A:$A,">="&$J31,'Weekly Log'!$A:$A,"<"&$J31+7),0)) | G31: =IF($J31="","",IFERROR(LOOKUP(2,1/(('Weekly Log'!$A$5:$A$5000>=$J31)*('Weekly Log'!$A$5:$A$5000<$J31+7)*('Weekly Log'!$M$5:$M$5000<>"")),'Weekly Log'!$M$5:$M$5000),0)) | J31: =IF(COUNT('Weekly Log'!$A$5:$A$5000)=0,"",IF(MIN('Weekly Log'!$A$5:$A$5000)+7*(ROW()-10)>MAX('Weekly Log'!$A$5:$A$5000),"",MIN('Weekly Log'!$A$5:$A$5000)+7*(ROW()-10)))
A32: =IF($J32="","",YEAR($J32-WEEKDAY($J32,2)+4)&"-W"&TEXT(WEEKNUM($J32,21),"00")) | B32: =IF($J32="","",SUMIFS('Weekly Log'!$C:$C,'Weekly Log'!$A:$A,">="&$J32,'Weekly Log'!$A:$A,"<"&$J32+7)) | C32: =IF($J32="","",IFERROR(COUNTIFS('Weekly Log'!$G:$G,"Y",'Weekly Log'!$A:$A,">="&$J32,'Weekly Log'!$A:$A,"<"&$J32+7)/COUNTIFS('Weekly Log'!$G:$G,"<>",'Weekly Log'!$A:$A,">="&$J32,'Weekly Log'!$A:$A,"<"&$J32+7),0)) | D32: =IF($J32="","",IFERROR(COUNTIFS('Weekly Log'!$H:$H,"Y",'Weekly Log'!$A:$A,">="&$J32,'Weekly Log'!$A:$A,"<"&$J32+7)/COUNTIFS('Weekly Log'!$H:$H,"<>",'Weekly Log'!$A:$A,">="&$J32,'Weekly Log'!$A:$A,"<"&$J32+7),0)) | E32: =IF($J32="","",IFERROR(AVERAGEIFS('Weekly Log'!$F:$F,'Weekly Log'!$A:$A,">="&$J32,'Weekly Log'!$A:$A,"<"&$J32+7),0)) | F32: =IF($J32="","",IFERROR(SUMIFS('Weekly Log'!$F:$F,'Weekly Log'!$A:$A,">="&$J32,'Weekly Log'!$A:$A,"<"&$J32+7)/SUMIFS('Weekly Log'!$E:$E,'Weekly Log'!$A:$A,">="&$J32,'Weekly Log'!$A:$A,"<"&$J32+7),0)) | G32: =IF($J32="","",IFERROR(LOOKUP(2,1/(('Weekly Log'!$A$5:$A$5000>=$J32)*('Weekly Log'!$A$5:$A$5000<$J32+7)*('Weekly Log'!$M$5:$M$5000<>"")),'Weekly Log'!$M$5:$M$5000),0)) | J32: =IF(COUNT('Weekly Log'!$A$5:$A$5000)=0,"",IF(MIN('Weekly Log'!$A$5:$A$5000)+7*(ROW()-10)>MAX('Weekly Log'!$A$5:$A$5000),"",MIN('Weekly Log'!$A$5:$A$5000)+7*(ROW()-10)))
A33: =IF($J33="","",YEAR($J33-WEEKDAY($J33,2)+4)&"-W"&TEXT(WEEKNUM($J33,21),"00")) | B33: =IF($J33="","",SUMIFS('Weekly Log'!$C:$C,'Weekly Log'!$A:$A,">="&$J33,'Weekly Log'!$A:$A,"<"&$J33+7)) | C33: =IF($J33="","",IFERROR(COUNTIFS('Weekly Log'!$G:$G,"Y",'Weekly Log'!$A:$A,">="&$J33,'Weekly Log'!$A:$A,"<"&$J33+7)/COUNTIFS('Weekly Log'!$G:$G,"<>",'Weekly Log'!$A:$A,">="&$J33,'Weekly Log'!$A:$A,"<"&$J33+7),0)) | D33: =IF($J33="","",IFERROR(COUNTIFS('Weekly Log'!$H:$H,"Y",'Weekly Log'!$A:$A,">="&$J33,'Weekly Log'!$A:$A,"<"&$J33+7)/COUNTIFS('Weekly Log'!$H:$H,"<>",'Weekly Log'!$A:$A,">="&$J33,'Weekly Log'!$A:$A,"<"&$J33+7),0)) | E33: =IF($J33="","",IFERROR(AVERAGEIFS('Weekly Log'!$F:$F,'Weekly Log'!$A:$A,">="&$J33,'Weekly Log'!$A:$A,"<"&$J33+7),0)) | F33: =IF($J33="","",IFERROR(SUMIFS('Weekly Log'!$F:$F,'Weekly Log'!$A:$A,">="&$J33,'Weekly Log'!$A:$A,"<"&$J33+7)/SUMIFS('Weekly Log'!$E:$E,'Weekly Log'!$A:$A,">="&$J33,'Weekly Log'!$A:$A,"<"&$J33+7),0)) | G33: =IF($J33="","",IFERROR(LOOKUP(2,1/(('Weekly Log'!$A$5:$A$5000>=$J33)*('Weekly Log'!$A$5:$A$5000<$J33+7)*('Weekly Log'!$M$5:$M$5000<>"")),'Weekly Log'!$M$5:$M$5000),0)) | J33: =IF(COUNT('Weekly Log'!$A$5:$A$5000)=0,"",IF(MIN('Weekly Log'!$A$5:$A$5000)+7*(ROW()-10)>MAX('Weekly Log'!$A$5:$A$5000),"",MIN('Weekly Log'!$A$5:$A$5000)+7*(ROW()-10)))
A34: =IF($J34="","",YEAR($J34-WEEKDAY($J34,2)+4)&"-W"&TEXT(WEEKNUM($J34,21),"00")) | B34: =IF($J34="","",SUMIFS('Weekly Log'!$C:$C,'Weekly Log'!$A:$A,">="&$J34,'Weekly Log'!$A:$A,"<"&$J34+7)) | C34: =IF($J34="","",IFERROR(COUNTIFS('Weekly Log'!$G:$G,"Y",'Weekly Log'!$A:$A,">="&$J34,'Weekly Log'!$A:$A,"<"&$J34+7)/COUNTIFS('Weekly Log'!$G:$G,"<>",'Weekly Log'!$A:$A,">="&$J34,'Weekly Log'!$A:$A,"<"&$J34+7),0)) | D34: =IF($J34="","",IFERROR(COUNTIFS('Weekly Log'!$H:$H,"Y",'Weekly Log'!$A:$A,">="&$J34,'Weekly Log'!$A:$A,"<"&$J34+7)/COUNTIFS('Weekly Log'!$H:$H,"<>",'Weekly Log'!$A:$A,">="&$J34,'Weekly Log'!$A:$A,"<"&$J34+7),0)) | E34: =IF($J34="","",IFERROR(AVERAGEIFS('Weekly Log'!$F:$F,'Weekly Log'!$A:$A,">="&$J34,'Weekly Log'!$A:$A,"<"&$J34+7),0)) | F34: =IF($J34="","",IFERROR(SUMIFS('Weekly Log'!$F:$F,'Weekly Log'!$A:$A,">="&$J34,'Weekly Log'!$A:$A,"<"&$J34+7)/SUMIFS('Weekly Log'!$E:$E,'Weekly Log'!$A:$A,">="&$J34,'Weekly Log'!$A:$A,"<"&$J34+7),0)) | G34: =IF($J34="","",IFERROR(LOOKUP(2,1/(('Weekly Log'!$A$5:$A$5000>=$J34)*('Weekly Log'!$A$5:$A$5000<$J34+7)*('Weekly Log'!$M$5:$M$5000<>"")),'Weekly Log'!$M$5:$M$5000),0)) | H34: Seasonal demand spike | J34: =IF(COUNT('Weekly Log'!$A$5:$A$5000)=0,"",IF(MIN('Weekly Log'!$A$5:$A$5000)+7*(ROW()-10)>MAX('Weekly Log'!$A$5:$A$5000),"",MIN('Weekly Log'!$A$5:$A$5000)+7*(ROW()-10)))
A35: =IF($J35="","",YEAR($J35-WEEKDAY($J35,2)+4)&"-W"&TEXT(WEEKNUM($J35,21),"00")) | B35: =IF($J35="","",SUMIFS('Weekly Log'!$C:$C,'Weekly Log'!$A:$A,">="&$J35,'Weekly Log'!$A:$A,"<"&$J35+7)) | C35: =IF($J35="","",IFERROR(COUNTIFS('Weekly Log'!$G:$G,"Y",'Weekly Log'!$A:$A,">="&$J35,'Weekly Log'!$A:$A,"<"&$J35+7)/COUNTIFS('Weekly Log'!$G:$G,"<>",'Weekly Log'!$A:$A,">="&$J35,'Weekly Log'!$A:$A,"<"&$J35+7),0)) | D35: =IF($J35="","",IFERROR(COUNTIFS('Weekly Log'!$H:$H,"Y",'Weekly Log'!$A:$A,">="&$J35,'Weekly Log'!$A:$A,"<"&$J35+7)/COUNTIFS('Weekly Log'!$H:$H,"<>",'Weekly Log'!$A:$A,">="&$J35,'Weekly Log'!$A:$A,"<"&$J35+7),0)) | E35: =IF($J35="","",IFERROR(AVERAGEIFS('Weekly Log'!$F:$F,'Weekly Log'!$A:$A,">="&$J35,'Weekly Log'!$A:$A,"<"&$J35+7),0)) | F35: =IF($J35="","",IFERROR(SUMIFS('Weekly Log'!$F:$F,'Weekly Log'!$A:$A,">="&$J35,'Weekly Log'!$A:$A,"<"&$J35+7)/SUMIFS('Weekly Log'!$E:$E,'Weekly Log'!$A:$A,">="&$J35,'Weekly Log'!$A:$A,"<"&$J35+7),0)) | G35: =IF($J35="","",IFERROR(LOOKUP(2,1/(('Weekly Log'!$A$5:$A$5000>=$J35)*('Weekly Log'!$A$5:$A$5000<$J35+7)*('Weekly Log'!$M$5:$M$5000<>"")),'Weekly Log'!$M$5:$M$5000),0)) | J35: =IF(COUNT('Weekly Log'!$A$5:$A$5000)=0,"",IF(MIN('Weekly Log'!$A$5:$A$5000)+7*(ROW()-10)>MAX('Weekly Log'!$A$5:$A$5000),"",MIN('Weekly Log'!$A$5:$A$5000)+7*(ROW()-10)))
A36: =IF($J36="","",YEAR($J36-WEEKDAY($J36,2)+4)&"-W"&TEXT(WEEKNUM($J36,21),"00")) | B36: =IF($J36="","",SUMIFS('Weekly Log'!$C:$C,'Weekly Log'!$A:$A,">="&$J36,'Weekly Log'!$A:$A,"<"&$J36+7)) | C36: =IF($J36="","",IFERROR(COUNTIFS('Weekly Log'!$G:$G,"Y",'Weekly Log'!$A:$A,">="&$J36,'Weekly Log'!$A:$A,"<"&$J36+7)/COUNTIFS('Weekly Log'!$G:$G,"<>",'Weekly Log'!$A:$A,">="&$J36,'Weekly Log'!$A:$A,"<"&$J36+7),0)) | D36: =IF($J36="","",IFERROR(COUNTIFS('Weekly Log'!$H:$H,"Y",'Weekly Log'!$A:$A,">="&$J36,'Weekly Log'!$A:$A,"<"&$J36+7)/COUNTIFS('Weekly Log'!$H:$H,"<>",'Weekly Log'!$A:$A,">="&$J36,'Weekly Log'!$A:$A,"<"&$J36+7),0)) | E36: =IF($J36="","",IFERROR(AVERAGEIFS('Weekly Log'!$F:$F,'Weekly Log'!$A:$A,">="&$J36,'Weekly Log'!$A:$A,"<"&$J36+7),0)) | F36: =IF($J36="","",IFERROR(SUMIFS('Weekly Log'!$F:$F,'Weekly Log'!$A:$A,">="&$J36,'Weekly Log'!$A:$A,"<"&$J36+7)/SUMIFS('Weekly Log'!$E:$E,'Weekly Log'!$A:$A,">="&$J36,'Weekly Log'!$A:$A,"<"&$J36+7),0)) | G36: =IF($J36="","",IFERROR(LOOKUP(2,1/(('Weekly Log'!$A$5:$A$5000>=$J36)*('Weekly Log'!$A$5:$A$5000<$J36+7)*('Weekly Log'!$M$5:$M$5000<>"")),'Weekly Log'!$M$5:$M$5000),0)) | J36: =IF(COUNT('Weekly Log'!$A$5:$A$5000)=0,"",IF(MIN('Weekly Log'!$A$5:$A$5000)+7*(ROW()-10)>MAX('Weekly Log'!$A$5:$A$5000),"",MIN('Weekly Log'!$A$5:$A$5000)+7*(ROW()-10)))
A37: =IF($J37="","",YEAR($J37-WEEKDAY($J37,2)+4)&"-W"&TEXT(WEEKNUM($J37,21),"00")) | B37: =IF($J37="","",SUMIFS('Weekly Log'!$C:$C,'Weekly Log'!$A:$A,">="&$J37,'Weekly Log'!$A:$A,"<"&$J37+7)) | C37: =IF($J37="","",IFERROR(COUNTIFS('Weekly Log'!$G:$G,"Y",'Weekly Log'!$A:$A,">="&$J37,'Weekly Log'!$A:$A,"<"&$J37+7)/COUNTIFS('Weekly Log'!$G:$G,"<>",'Weekly Log'!$A:$A,">="&$J37,'Weekly Log'!$A:$A,"<"&$J37+7),0)) | D37: =IF($J37="","",IFERROR(COUNTIFS('Weekly Log'!$H:$H,"Y",'Weekly Log'!$A:$A,">="&$J37,'Weekly Log'!$A:$A,"<"&$J37+7)/COUNTIFS('Weekly Log'!$H:$H,"<>",'Weekly Log'!$A:$A,">="&$J37,'Weekly Log'!$A:$A,"<"&$J37+7),0)) | E37: =IF($J37="","",IFERROR(AVERAGEIFS('Weekly Log'!$F:$F,'Weekly Log'!$A:$A,">="&$J37,'Weekly Log'!$A:$A,"<"&$J37+7),0)) | F37: =IF($J37="","",IFERROR(SUMIFS('Weekly Log'!$F:$F,'Weekly Log'!$A:$A,">="&$J37,'Weekly Log'!$A:$A,"<"&$J37+7)/SUMIFS('Weekly Log'!$E:$E,'Weekly Log'!$A:$A,">="&$J37,'Weekly Log'!$A:$A,"<"&$J37+7),0)) | G37: =IF($J37="","",IFERROR(LOOKUP(2,1/(('Weekly Log'!$A$5:$A$5000>=$J37)*('Weekly Log'!$A$5:$A$5000<$J37+7)*('Weekly Log'!$M$5:$M$5000<>"")),'Weekly Log'!$M$5:$M$5000),0)) | H37: Short week | J37: =IF(COUNT('Weekly Log'!$A$5:$A$5000)=0,"",IF(MIN('Weekly Log'!$A$5:$A$5000)+7*(ROW()-10)>MAX('Weekly Log'!$A$5:$A$5000),"",MIN('Weekly Log'!$A$5:$A$5000)+7*(ROW()-10)))
A38: =IF($J38="","",YEAR($J38-WEEKDAY($J38,2)+4)&"-W"&TEXT(WEEKNUM($J38,21),"00")) | B38: =IF($J38="","",SUMIFS('Weekly Log'!$C:$C,'Weekly Log'!$A:$A,">="&$J38,'Weekly Log'!$A:$A,"<"&$J38+7)) | C38: =IF($J38="","",IFERROR(COUNTIFS('Weekly Log'!$G:$G,"Y",'Weekly Log'!$A:$A,">="&$J38,'Weekly Log'!$A:$A,"<"&$J38+7)/COUNTIFS('Weekly Log'!$G:$G,"<>",'Weekly Log'!$A:$A,">="&$J38,'Weekly Log'!$A:$A,"<"&$J38+7),0)) | D38: =IF($J38="","",IFERROR(COUNTIFS('Weekly Log'!$H:$H,"Y",'Weekly Log'!$A:$A,">="&$J38,'Weekly Log'!$A:$A,"<"&$J38+7)/COUNTIFS('Weekly Log'!$H:$H,"<>",'Weekly Log'!$A:$A,">="&$J38,'Weekly Log'!$A:$A,"<"&$J38+7),0)) | E38: =IF($J38="","",IFERROR(AVERAGEIFS('Weekly Log'!$F:$F,'Weekly Log'!$A:$A,">="&$J38,'Weekly Log'!$A:$A,"<"&$J38+7),0)) | F38: =IF($J38="","",IFERROR(SUMIFS('Weekly Log'!$F:$F,'Weekly Log'!$A:$A,">="&$J38,'Weekly Log'!$A:$A,"<"&$J38+7)/SUMIFS('Weekly Log'!$E:$E,'Weekly Log'!$A:$A,">="&$J38,'Weekly Log'!$A:$A,"<"&$J38+7),0)) | G38: =IF($J38="","",IFERROR(LOOKUP(2,1/(('Weekly Log'!$A$5:$A$5000>=$J38)*('Weekly Log'!$A$5:$A$5000<$J38+7)*('Weekly Log'!$M$5:$M$5000<>"")),'Weekly Log'!$M$5:$M$5000),0)) | J38: =IF(COUNT('Weekly Log'!$A$5:$A$5000)=0,"",IF(MIN('Weekly Log'!$A$5:$A$5000)+7*(ROW()-10)>MAX('Weekly Log'!$A$5:$A$5000),"",MIN('Weekly Log'!$A$5:$A$5000)+7*(ROW()-10)))
A39: =IF($J39="","",YEAR($J39-WEEKDAY($J39,2)+4)&"-W"&TEXT(WEEKNUM($J39,21),"00")) | B39: =IF($J39="","",SUMIFS('Weekly Log'!$C:$C,'Weekly Log'!$A:$A,">="&$J39,'Weekly Log'!$A:$A,"<"&$J39+7)) | C39: =IF($J39="","",IFERROR(COUNTIFS('Weekly Log'!$G:$G,"Y",'Weekly Log'!$A:$A,">="&$J39,'Weekly Log'!$A:$A,"<"&$J39+7)/COUNTIFS('Weekly Log'!$G:$G,"<>",'Weekly Log'!$A:$A,">="&$J39,'Weekly Log'!$A:$A,"<"&$J39+7),0)) | D39: =IF($J39="","",IFERROR(COUNTIFS('Weekly Log'!$H:$H,"Y",'Weekly Log'!$A:$A,">="&$J39,'Weekly Log'!$A:$A,"<"&$J39+7)/COUNTIFS('Weekly Log'!$H:$H,"<>",'Weekly Log'!$A:$A,">="&$J39,'Weekly Log'!$A:$A,"<"&$J39+7),0)) | E39: =IF($J39="","",IFERROR(AVERAGEIFS('Weekly Log'!$F:$F,'Weekly Log'!$A:$A,">="&$J39,'Weekly Log'!$A:$A,"<"&$J39+7),0)) | F39: =IF($J39="","",IFERROR(SUMIFS('Weekly Log'!$F:$F,'Weekly Log'!$A:$A,">="&$J39,'Weekly Log'!$A:$A,"<"&$J39+7)/SUMIFS('Weekly Log'!$E:$E,'Weekly Log'!$A:$A,">="&$J39,'Weekly Log'!$A:$A,"<"&$J39+7),0)) | G39: =IF($J39="","",IFERROR(LOOKUP(2,1/(('Weekly Log'!$A$5:$A$5000>=$J39)*('Weekly Log'!$A$5:$A$5000<$J39+7)*('Weekly Log'!$M$5:$M$5000<>"")),'Weekly Log'!$M$5:$M$5000),0)) | J39: =IF(COUNT('Weekly Log'!$A$5:$A$5000)=0,"",IF(MIN('Weekly Log'!$A$5:$A$5000)+7*(ROW()-10)>MAX('Weekly Log'!$A$5:$A$5000),"",MIN('Weekly Log'!$A$5:$A$5000)+7*(ROW()-10)))
A40: =IF($J40="","",YEAR($J40-WEEKDAY($J40,2)+4)&"-W"&TEXT(WEEKNUM($J40,21),"00")) | B40: =IF($J40="","",SUMIFS('Weekly Log'!$C:$C,'Weekly Log'!$A:$A,">="&$J40,'Weekly Log'!$A:$A,"<"&$J40+7)) | C40: =IF($J40="","",IFERROR(COUNTIFS('Weekly Log'!$G:$G,"Y",'Weekly Log'!$A:$A,">="&$J40,'Weekly Log'!$A:$A,"<"&$J40+7)/COUNTIFS('Weekly Log'!$G:$G,"<>",'Weekly Log'!$A:$A,">="&$J40,'Weekly Log'!$A:$A,"<"&$J40+7),0)) | D40: =IF($J40="","",IFERROR(COUNTIFS('Weekly Log'!$H:$H,"Y",'Weekly Log'!$A:$A,">="&$J40,'Weekly Log'!$A:$A,"<"&$J40+7)/COUNTIFS('Weekly Log'!$H:$H,"<>",'Weekly Log'!$A:$A,">="&$J40,'Weekly Log'!$A:$A,"<"&$J40+7),0)) | E40: =IF($J40="","",IFERROR(AVERAGEIFS('Weekly Log'!$F:$F,'Weekly Log'!$A:$A,">="&$J40,'Weekly Log'!$A:$A,"<"&$J40+7),0)) | F40: =IF($J40="","",IFERROR(SUMIFS('Weekly Log'!$F:$F,'Weekly Log'!$A:$A,">="&$J40,'Weekly Log'!$A:$A,"<"&$J40+7)/SUMIFS('Weekly Log'!$E:$E,'Weekly Log'!$A:$A,">="&$J40,'Weekly Log'!$A:$A,"<"&$J40+7),0)) | G40: =IF($J40="","",IFERROR(LOOKUP(2,1/(('Weekly Log'!$A$5:$A$5000>=$J40)*('Weekly Log'!$A$5:$A$5000<$J40+7)*('Weekly Log'!$M$5:$M$5000<>"")),'Weekly Log'!$M$5:$M$5000),0)) | H40: Seasonal demand spike | J40: =IF(COUNT('Weekly Log'!$A$5:$A$5000)=0,"",IF(MIN('Weekly Log'!$A$5:$A$5000)+7*(ROW()-10)>MAX('Weekly Log'!$A$5:$A$5000),"",MIN('Weekly Log'!$A$5:$A$5000)+7*(ROW()-10)))
A41: =IF($J41="","",YEAR($J41-WEEKDAY($J41,2)+4)&"-W"&TEXT(WEEKNUM($J41,21),"00")) | B41: =IF($J41="","",SUMIFS('Weekly Log'!$C:$C,'Weekly Log'!$A:$A,">="&$J41,'Weekly Log'!$A:$A,"<"&$J41+7)) | C41: =IF($J41="","",IFERROR(COUNTIFS('Weekly Log'!$G:$G,"Y",'Weekly Log'!$A:$A,">="&$J41,'Weekly Log'!$A:$A,"<"&$J41+7)/COUNTIFS('Weekly Log'!$G:$G,"<>",'Weekly Log'!$A:$A,">="&$J41,'Weekly Log'!$A:$A,"<"&$J41+7),0)) | D41: =IF($J41="","",IFERROR(COUNTIFS('Weekly Log'!$H:$H,"Y",'Weekly Log'!$A:$A,">="&$J41,'Weekly Log'!$A:$A,"<"&$J41+7)/COUNTIFS('Weekly Log'!$H:$H,"<>",'Weekly Log'!$A:$A,">="&$J41,'Weekly Log'!$A:$A,"<"&$J41+7),0)) | E41: =IF($J41="","",IFERROR(AVERAGEIFS('Weekly Log'!$F:$F,'Weekly Log'!$A:$A,">="&$J41,'Weekly Log'!$A:$A,"<"&$J41+7),0)) | F41: =IF($J41="","",IFERROR(SUMIFS('Weekly Log'!$F:$F,'Weekly Log'!$A:$A,">="&$J41,'Weekly Log'!$A:$A,"<"&$J41+7)/SUMIFS('Weekly Log'!$E:$E,'Weekly Log'!$A:$A,">="&$J41,'Weekly Log'!$A:$A,"<"&$J41+7),0)) | G41: =IF($J41="","",IFERROR(LOOKUP(2,1/(('Weekly Log'!$A$5:$A$5000>=$J41)*('Weekly Log'!$A$5:$A$5000<$J41+7)*('Weekly Log'!$M$5:$M$5000<>"")),'Weekly Log'!$M$5:$M$5000),0)) | J41: =IF(COUNT('Weekly Log'!$A$5:$A$5000)=0,"",IF(MIN('Weekly Log'!$A$5:$A$5000)+7*(ROW()-10)>MAX('Weekly Log'!$A$5:$A$5000),"",MIN('Weekly Log'!$A$5:$A$5000)+7*(ROW()-10)))
A42: =IF($J42="","",YEAR($J42-WEEKDAY($J42,2)+4)&"-W"&TEXT(WEEKNUM($J42,21),"00")) | B42: =IF($J42="","",SUMIFS('Weekly Log'!$C:$C,'Weekly Log'!$A:$A,">="&$J42,'Weekly Log'!$A:$A,"<"&$J42+7)) | C42: =IF($J42="","",IFERROR(COUNTIFS('Weekly Log'!$G:$G,"Y",'Weekly Log'!$A:$A,">="&$J42,'Weekly Log'!$A:$A,"<"&$J42+7)/COUNTIFS('Weekly Log'!$G:$G,"<>",'Weekly Log'!$A:$A,">="&$J42,'Weekly Log'!$A:$A,"<"&$J42+7),0)) | D42: =IF($J42="","",IFERROR(COUNTIFS('Weekly Log'!$H:$H,"Y",'Weekly Log'!$A:$A,">="&$J42,'Weekly Log'!$A:$A,"<"&$J42+7)/COUNTIFS('Weekly Log'!$H:$H,"<>",'Weekly Log'!$A:$A,">="&$J42,'Weekly Log'!$A:$A,"<"&$J42+7),0)) | E42: =IF($J42="","",IFERROR(AVERAGEIFS('Weekly Log'!$F:$F,'Weekly Log'!$A:$A,">="&$J42,'Weekly Log'!$A:$A,"<"&$J42+7),0)) | F42: =IF($J42="","",IFERROR(SUMIFS('Weekly Log'!$F:$F,'Weekly Log'!$A:$A,">="&$J42,'Weekly Log'!$A:$A,"<"&$J42+7)/SUMIFS('Weekly Log'!$E:$E,'Weekly Log'!$A:$A,">="&$J42,'Weekly Log'!$A:$A,"<"&$J42+7),0)) | G42: =IF($J42="","",IFERROR(LOOKUP(2,1/(('Weekly Log'!$A$5:$A$5000>=$J42)*('Weekly Log'!$A$5:$A$5000<$J42+7)*('Weekly Log'!$M$5:$M$5000<>"")),'Weekly Log'!$M$5:$M$5000),0)) | J42: =IF(COUNT('Weekly Log'!$A$5:$A$5000)=0,"",IF(MIN('Weekly Log'!$A$5:$A$5000)+7*(ROW()-10)>MAX('Weekly Log'!$A$5:$A$5000),"",MIN('Weekly Log'!$A$5:$A$5000)+7*(ROW()-10)))
A43: =IF($J43="","",YEAR($J43-WEEKDAY($J43,2)+4)&"-W"&TEXT(WEEKNUM($J43,21),"00")) | B43: =IF($J43="","",SUMIFS('Weekly Log'!$C:$C,'Weekly Log'!$A:$A,">="&$J43,'Weekly Log'!$A:$A,"<"&$J43+7)) | C43: =IF($J43="","",IFERROR(COUNTIFS('Weekly Log'!$G:$G,"Y",'Weekly Log'!$A:$A,">="&$J43,'Weekly Log'!$A:$A,"<"&$J43+7)/COUNTIFS('Weekly Log'!$G:$G,"<>",'Weekly Log'!$A:$A,">="&$J43,'Weekly Log'!$A:$A,"<"&$J43+7),0)) | D43: =IF($J43="","",IFERROR(COUNTIFS('Weekly Log'!$H:$H,"Y",'Weekly Log'!$A:$A,">="&$J43,'Weekly Log'!$A:$A,"<"&$J43+7)/COUNTIFS('Weekly Log'!$H:$H,"<>",'Weekly Log'!$A:$A,">="&$J43,'Weekly Log'!$A:$A,"<"&$J43+7),0)) | E43: =IF($J43="","",IFERROR(AVERAGEIFS('Weekly Log'!$F:$F,'Weekly Log'!$A:$A,">="&$J43,'Weekly Log'!$A:$A,"<"&$J43+7),0)) | F43: =IF($J43="","",IFERROR(SUMIFS('Weekly Log'!$F:$F,'Weekly Log'!$A:$A,">="&$J43,'Weekly Log'!$A:$A,"<"&$J43+7)/SUMIFS('Weekly Log'!$E:$E,'Weekly Log'!$A:$A,">="&$J43,'Weekly Log'!$A:$A,"<"&$J43+7),0)) | G43: =IF($J43="","",IFERROR(LOOKUP(2,1/(('Weekly Log'!$A$5:$A$5000>=$J43)*('Weekly Log'!$A$5:$A$5000<$J43+7)*('Weekly Log'!$M$5:$M$5000<>"")),'Weekly Log'!$M$5:$M$5000),0)) | J43: =IF(COUNT('Weekly Log'!$A$5:$A$5000)=0,"",IF(MIN('Weekly Log'!$A$5:$A$5000)+7*(ROW()-10)>MAX('Weekly Log'!$A$5:$A$5000),"",MIN('Weekly Log'!$A$5:$A$5000)+7*(ROW()-10)))
A44: =IF($J44="","",YEAR($J44-WEEKDAY($J44,2)+4)&"-W"&TEXT(WEEKNUM($J44,21),"00")) | B44: =IF($J44="","",SUMIFS('Weekly Log'!$C:$C,'Weekly Log'!$A:$A,">="&$J44,'Weekly Log'!$A:$A,"<"&$J44+7)) | C44: =IF($J44="","",IFERROR(COUNTIFS('Weekly Log'!$G:$G,"Y",'Weekly Log'!$A:$A,">="&$J44,'Weekly Log'!$A:$A,"<"&$J44+7)/COUNTIFS('Weekly Log'!$G:$G,"<>",'Weekly Log'!$A:$A,">="&$J44,'Weekly Log'!$A:$A,"<"&$J44+7),0)) | D44: =IF($J44="","",IFERROR(COUNTIFS('Weekly Log'!$H:$H,"Y",'Weekly Log'!$A:$A,">="&$J44,'Weekly Log'!$A:$A,"<"&$J44+7)/COUNTIFS('Weekly Log'!$H:$H,"<>",'Weekly Log'!$A:$A,">="&$J44,'Weekly Log'!$A:$A,"<"&$J44+7),0)) | E44: =IF($J44="","",IFERROR(AVERAGEIFS('Weekly Log'!$F:$F,'Weekly Log'!$A:$A,">="&$J44,'Weekly Log'!$A:$A,"<"&$J44+7),0)) | F44: =IF($J44="","",IFERROR(SUMIFS('Weekly Log'!$F:$F,'Weekly Log'!$A:$A,">="&$J44,'Weekly Log'!$A:$A,"<"&$J44+7)/SUMIFS('Weekly Log'!$E:$E,'Weekly Log'!$A:$A,">="&$J44,'Weekly Log'!$A:$A,"<"&$J44+7),0)) | G44: =IF($J44="","",IFERROR(LOOKUP(2,1/(('Weekly Log'!$A$5:$A$5000>=$J44)*('Weekly Log'!$A$5:$A$5000<$J44+7)*('Weekly Log'!$M$5:$M$5000<>"")),'Weekly Log'!$M$5:$M$5000),0)) | J44: =IF(COUNT('Weekly Log'!$A$5:$A$5000)=0,"",IF(MIN('Weekly Log'!$A$5:$A$5000)+7*(ROW()-10)>MAX('Weekly Log'!$A$5:$A$5000),"",MIN('Weekly Log'!$A$5:$A$5000)+7*(ROW()-10)))
A45: =IF($J45="","",YEAR($J45-WEEKDAY($J45,2)+4)&"-W"&TEXT(WEEKNUM($J45,21),"00")) | B45: =IF($J45="","",SUMIFS('Weekly Log'!$C:$C,'Weekly Log'!$A:$A,">="&$J45,'Weekly Log'!$A:$A,"<"&$J45+7)) | C45: =IF($J45="","",IFERROR(COUNTIFS('Weekly Log'!$G:$G,"Y",'Weekly Log'!$A:$A,">="&$J45,'Weekly Log'!$A:$A,"<"&$J45+7)/COUNTIFS('Weekly Log'!$G:$G,"<>",'Weekly Log'!$A:$A,">="&$J45,'Weekly Log'!$A:$A,"<"&$J45+7),0)) | D45: =IF($J45="","",IFERROR(COUNTIFS('Weekly Log'!$H:$H,"Y",'Weekly Log'!$A:$A,">="&$J45,'Weekly Log'!$A:$A,"<"&$J45+7)/COUNTIFS('Weekly Log'!$H:$H,"<>",'Weekly Log'!$A:$A,">="&$J45,'Weekly Log'!$A:$A,"<"&$J45+7),0)) | E45: =IF($J45="","",IFERROR(AVERAGEIFS('Weekly Log'!$F:$F,'Weekly Log'!$A:$A,">="&$J45,'Weekly Log'!$A:$A,"<"&$J45+7),0)) | F45: =IF($J45="","",IFERROR(SUMIFS('Weekly Log'!$F:$F,'Weekly Log'!$A:$A,">="&$J45,'Weekly Log'!$A:$A,"<"&$J45+7)/SUMIFS('Weekly Log'!$E:$E,'Weekly Log'!$A:$A,">="&$J45,'Weekly Log'!$A:$A,"<"&$J45+7),0)) | G45: =IF($J45="","",IFERROR(LOOKUP(2,1/(('Weekly Log'!$A$5:$A$5000>=$J45)*('Weekly Log'!$A$5:$A$5000<$J45+7)*('Weekly Log'!$M$5:$M$5000<>"")),'Weekly Log'!$M$5:$M$5000),0)) | J45: =IF(COUNT('Weekly Log'!$A$5:$A$5000)=0,"",IF(MIN('Weekly Log'!$A$5:$A$5000)+7*(ROW()-10)>MAX('Weekly Log'!$A$5:$A$5000),"",MIN('Weekly Log'!$A$5:$A$5000)+7*(ROW()-10)))
A46: =IF($J46="","",YEAR($J46-WEEKDAY($J46,2)+4)&"-W"&TEXT(WEEKNUM($J46,21),"00")) | B46: =IF($J46="","",SUMIFS('Weekly Log'!$C:$C,'Weekly Log'!$A:$A,">="&$J46,'Weekly Log'!$A:$A,"<"&$J46+7)) | C46: =IF($J46="","",IFERROR(COUNTIFS('Weekly Log'!$G:$G,"Y",'Weekly Log'!$A:$A,">="&$J46,'Weekly Log'!$A:$A,"<"&$J46+7)/COUNTIFS('Weekly Log'!$G:$G,"<>",'Weekly Log'!$A:$A,">="&$J46,'Weekly Log'!$A:$A,"<"&$J46+7),0)) | D46: =IF($J46="","",IFERROR(COUNTIFS('Weekly Log'!$H:$H,"Y",'Weekly Log'!$A:$A,">="&$J46,'Weekly Log'!$A:$A,"<"&$J46+7)/COUNTIFS('Weekly Log'!$H:$H,"<>",'Weekly Log'!$A:$A,">="&$J46,'Weekly Log'!$A:$A,"<"&$J46+7),0)) | E46: =IF($J46="","",IFERROR(AVERAGEIFS('Weekly Log'!$F:$F,'Weekly Log'!$A:$A,">="&$J46,'Weekly Log'!$A:$A,"<"&$J46+7),0)) | F46: =IF($J46="","",IFERROR(SUMIFS('Weekly Log'!$F:$F,'Weekly Log'!$A:$A,">="&$J46,'Weekly Log'!$A:$A,"<"&$J46+7)/SUMIFS('Weekly Log'!$E:$E,'Weekly Log'!$A:$A,">="&$J46,'Weekly Log'!$A:$A,"<"&$J46+7),0)) | G46: =IF($J46="","",IFERROR(LOOKUP(2,1/(('Weekly Log'!$A$5:$A$5000>=$J46)*('Weekly Log'!$A$5:$A$5000<$J46+7)*('Weekly Log'!$M$5:$M$5000<>"")),'Weekly Log'!$M$5:$M$5000),0)) | J46: =IF(COUNT('Weekly Log'!$A$5:$A$5000)=0,"",IF(MIN('Weekly Log'!$A$5:$A$5000)+7*(ROW()-10)>MAX('Weekly Log'!$A$5:$A$5000),"",MIN('Weekly Log'!$A$5:$A$5000)+7*(ROW()-10)))
A47: =IF($J47="","",YEAR($J47-WEEKDAY($J47,2)+4)&"-W"&TEXT(WEEKNUM($J47,21),"00")) | B47: =IF($J47="","",SUMIFS('Weekly Log'!$C:$C,'Weekly Log'!$A:$A,">="&$J47,'Weekly Log'!$A:$A,"<"&$J47+7)) | C47: =IF($J47="","",IFERROR(COUNTIFS('Weekly Log'!$G:$G,"Y",'Weekly Log'!$A:$A,">="&$J47,'Weekly Log'!$A:$A,"<"&$J47+7)/COUNTIFS('Weekly Log'!$G:$G,"<>",'Weekly Log'!$A:$A,">="&$J47,'Weekly Log'!$A:$A,"<"&$J47+7),0)) | D47: =IF($J47="","",IFERROR(COUNTIFS('Weekly Log'!$H:$H,"Y",'Weekly Log'!$A:$A,">="&$J47,'Weekly Log'!$A:$A,"<"&$J47+7)/COUNTIFS('Weekly Log'!$H:$H,"<>",'Weekly Log'!$A:$A,">="&$J47,'Weekly Log'!$A:$A,"<"&$J47+7),0)) | E47: =IF($J47="","",IFERROR(AVERAGEIFS('Weekly Log'!$F:$F,'Weekly Log'!$A:$A,">="&$J47,'Weekly Log'!$A:$A,"<"&$J47+7),0)) | F47: =IF($J47="","",IFERROR(SUMIFS('Weekly Log'!$F:$F,'Weekly Log'!$A:$A,">="&$J47,'Weekly Log'!$A:$A,"<"&$J47+7)/SUMIFS('Weekly Log'!$E:$E,'Weekly Log'!$A:$A,">="&$J47,'Weekly Log'!$A:$A,"<"&$J47+7),0)) | G47: =IF($J47="","",IFERROR(LOOKUP(2,1/(('Weekly Log'!$A$5:$A$5000>=$J47)*('Weekly Log'!$A$5:$A$5000<$J47+7)*('Weekly Log'!$M$5:$M$5000<>"")),'Weekly Log'!$M$5:$M$5000),0)) | J47: =IF(COUNT('Weekly Log'!$A$5:$A$5000)=0,"",IF(MIN('Weekly Log'!$A$5:$A$5000)+7*(ROW()-10)>MAX('Weekly Log'!$A$5:$A$5000),"",MIN('Weekly Log'!$A$5:$A$5000)+7*(ROW()-10)))
A48: =IF($J48="","",YEAR($J48-WEEKDAY($J48,2)+4)&"-W"&TEXT(WEEKNUM($J48,21),"00")) | B48: =IF($J48="","",SUMIFS('Weekly Log'!$C:$C,'Weekly Log'!$A:$A,">="&$J48,'Weekly Log'!$A:$A,"<"&$J48+7)) | C48: =IF($J48="","",IFERROR(COUNTIFS('Weekly Log'!$G:$G,"Y",'Weekly Log'!$A:$A,">="&$J48,'Weekly Log'!$A:$A,"<"&$J48+7)/COUNTIFS('Weekly Log'!$G:$G,"<>",'Weekly Log'!$A:$A,">="&$J48,'Weekly Log'!$A:$A,"<"&$J48+7),0)) | D48: =IF($J48="","",IFERROR(COUNTIFS('Weekly Log'!$H:$H,"Y",'Weekly Log'!$A:$A,">="&$J48,'Weekly Log'!$A:$A,"<"&$J48+7)/COUNTIFS('Weekly Log'!$H:$H,"<>",'Weekly Log'!$A:$A,">="&$J48,'Weekly Log'!$A:$A,"<"&$J48+7),0)) | E48: =IF($J48="","",IFERROR(AVERAGEIFS('Weekly Log'!$F:$F,'Weekly Log'!$A:$A,">="&$J48,'Weekly Log'!$A:$A,"<"&$J48+7),0)) | F48: =IF($J48="","",IFERROR(SUMIFS('Weekly Log'!$F:$F,'Weekly Log'!$A:$A,">="&$J48,'Weekly Log'!$A:$A,"<"&$J48+7)/SUMIFS('Weekly Log'!$E:$E,'Weekly Log'!$A:$A,">="&$J48,'Weekly Log'!$A:$A,"<"&$J48+7),0)) | G48: =IF($J48="","",IFERROR(LOOKUP(2,1/(('Weekly Log'!$A$5:$A$5000>=$J48)*('Weekly Log'!$A$5:$A$5000<$J48+7)*('Weekly Log'!$M$5:$M$5000<>"")),'Weekly Log'!$M$5:$M$5000),0)) | J48: =IF(COUNT('Weekly Log'!$A$5:$A$5000)=0,"",IF(MIN('Weekly Log'!$A$5:$A$5000)+7*(ROW()-10)>MAX('Weekly Log'!$A$5:$A$5000),"",MIN('Weekly Log'!$A$5:$A$5000)+7*(ROW()-10)))
A49: =IF($J49="","",YEAR($J49-WEEKDAY($J49,2)+4)&"-W"&TEXT(WEEKNUM($J49,21),"00")) | B49: =IF($J49="","",SUMIFS('Weekly Log'!$C:$C,'Weekly Log'!$A:$A,">="&$J49,'Weekly Log'!$A:$A,"<"&$J49+7)) | C49: =IF($J49="","",IFERROR(COUNTIFS('Weekly Log'!$G:$G,"Y",'Weekly Log'!$A:$A,">="&$J49,'Weekly Log'!$A:$A,"<"&$J49+7)/COUNTIFS('Weekly Log'!$G:$G,"<>",'Weekly Log'!$A:$A,">="&$J49,'Weekly Log'!$A:$A,"<"&$J49+7),0)) | D49: =IF($J49="","",IFERROR(COUNTIFS('Weekly Log'!$H:$H,"Y",'Weekly Log'!$A:$A,">="&$J49,'Weekly Log'!$A:$A,"<"&$J49+7)/COUNTIFS('Weekly Log'!$H:$H,"<>",'Weekly Log'!$A:$A,">="&$J49,'Weekly Log'!$A:$A,"<"&$J49+7),0)) | E49: =IF($J49="","",IFERROR(AVERAGEIFS('Weekly Log'!$F:$F,'Weekly Log'!$A:$A,">="&$J49,'Weekly Log'!$A:$A,"<"&$J49+7),0)) | F49: =IF($J49="","",IFERROR(SUMIFS('Weekly Log'!$F:$F,'Weekly Log'!$A:$A,">="&$J49,'Weekly Log'!$A:$A,"<"&$J49+7)/SUMIFS('Weekly Log'!$E:$E,'Weekly Log'!$A:$A,">="&$J49,'Weekly Log'!$A:$A,"<"&$J49+7),0)) | G49: =IF($J49="","",IFERROR(LOOKUP(2,1/(('Weekly Log'!$A$5:$A$5000>=$J49)*('Weekly Log'!$A$5:$A$5000<$J49+7)*('Weekly Log'!$M$5:$M$5000<>"")),'Weekly Log'!$M$5:$M$5000),0)) | J49: =IF(COUNT('Weekly Log'!$A$5:$A$5000)=0,"",IF(MIN('Weekly Log'!$A$5:$A$5000)+7*(ROW()-10)>MAX('Weekly Log'!$A$5:$A$5000),"",MIN('Weekly Log'!$A$5:$A$5000)+7*(ROW()-10)))
A50: =IF($J50="","",YEAR($J50-WEEKDAY($J50,2)+4)&"-W"&TEXT(WEEKNUM($J50,21),"00")) | B50: =IF($J50="","",SUMIFS('Weekly Log'!$C:$C,'Weekly Log'!$A:$A,">="&$J50,'Weekly Log'!$A:$A,"<"&$J50+7)) | C50: =IF($J50="","",IFERROR(COUNTIFS('Weekly Log'!$G:$G,"Y",'Weekly Log'!$A:$A,">="&$J50,'Weekly Log'!$A:$A,"<"&$J50+7)/COUNTIFS('Weekly Log'!$G:$G,"<>",'Weekly Log'!$A:$A,">="&$J50,'Weekly Log'!$A:$A,"<"&$J50+7),0)) | D50: =IF($J50="","",IFERROR(COUNTIFS('Weekly Log'!$H:$H,"Y",'Weekly Log'!$A:$A,">="&$J50,'Weekly Log'!$A:$A,"<"&$J50+7)/COUNTIFS('Weekly Log'!$H:$H,"<>",'Weekly Log'!$A:$A,">="&$J50,'Weekly Log'!$A:$A,"<"&$J50+7),0)) | E50: =IF($J50="","",IFERROR(AVERAGEIFS('Weekly Log'!$F:$F,'Weekly Log'!$A:$A,">="&$J50,'Weekly Log'!$A:$A,"<"&$J50+7),0)) | F50: =IF($J50="","",IFERROR(SUMIFS('Weekly Log'!$F:$F,'Weekly Log'!$A:$A,">="&$J50,'Weekly Log'!$A:$A,"<"&$J50+7)/SUMIFS('Weekly Log'!$E:$E,'Weekly Log'!$A:$A,">="&$J50,'Weekly Log'!$A:$A,"<"&$J50+7),0)) | G50: =IF($J50="","",IFERROR(LOOKUP(2,1/(('Weekly Log'!$A$5:$A$5000>=$J50)*('Weekly Log'!$A$5:$A$5000<$J50+7)*('Weekly Log'!$M$5:$M$5000<>"")),'Weekly Log'!$M$5:$M$5000),0)) | J50: =IF(COUNT('Weekly Log'!$A$5:$A$5000)=0,"",IF(MIN('Weekly Log'!$A$5:$A$5000)+7*(ROW()-10)>MAX('Weekly Log'!$A$5:$A$5000),"",MIN('Weekly Log'!$A$5:$A$5000)+7*(ROW()-10)))
A51: =IF($J51="","",YEAR($J51-WEEKDAY($J51,2)+4)&"-W"&TEXT(WEEKNUM($J51,21),"00")) | B51: =IF($J51="","",SUMIFS('Weekly Log'!$C:$C,'Weekly Log'!$A:$A,">="&$J51,'Weekly Log'!$A:$A,"<"&$J51+7)) | C51: =IF($J51="","",IFERROR(COUNTIFS('Weekly Log'!$G:$G,"Y",'Weekly Log'!$A:$A,">="&$J51,'Weekly Log'!$A:$A,"<"&$J51+7)/COUNTIFS('Weekly Log'!$G:$G,"<>",'Weekly Log'!$A:$A,">="&$J51,'Weekly Log'!$A:$A,"<"&$J51+7),0)) | D51: =IF($J51="","",IFERROR(COUNTIFS('Weekly Log'!$H:$H,"Y",'Weekly Log'!$A:$A,">="&$J51,'Weekly Log'!$A:$A,"<"&$J51+7)/COUNTIFS('Weekly Log'!$H:$H,"<>",'Weekly Log'!$A:$A,">="&$J51,'Weekly Log'!$A:$A,"<"&$J51+7),0)) | E51: =IF($J51="","",IFERROR(AVERAGEIFS('Weekly Log'!$F:$F,'Weekly Log'!$A:$A,">="&$J51,'Weekly Log'!$A:$A,"<"&$J51+7),0)) | F51: =IF($J51="","",IFERROR(SUMIFS('Weekly Log'!$F:$F,'Weekly Log'!$A:$A,">="&$J51,'Weekly Log'!$A:$A,"<"&$J51+7)/SUMIFS('Weekly Log'!$E:$E,'Weekly Log'!$A:$A,">="&$J51,'Weekly Log'!$A:$A,"<"&$J51+7),0)) | G51: =IF($J51="","",IFERROR(LOOKUP(2,1/(('Weekly Log'!$A$5:$A$5000>=$J51)*('Weekly Log'!$A$5:$A$5000<$J51+7)*('Weekly Log'!$M$5:$M$5000<>"")),'Weekly Log'!$M$5:$M$5000),0)) | J51: =IF(COUNT('Weekly Log'!$A$5:$A$5000)=0,"",IF(MIN('Weekly Log'!$A$5:$A$5000)+7*(ROW()-10)>MAX('Weekly Log'!$A$5:$A$5000),"",MIN('Weekly Log'!$A$5:$A$5000)+7*(ROW()-10)))
A52: =IF($J52="","",YEAR($J52-WEEKDAY($J52,2)+4)&"-W"&TEXT(WEEKNUM($J52,21),"00")) | B52: =IF($J52="","",SUMIFS('Weekly Log'!$C:$C,'Weekly Log'!$A:$A,">="&$J52,'Weekly Log'!$A:$A,"<"&$J52+7)) | C52: =IF($J52="","",IFERROR(COUNTIFS('Weekly Log'!$G:$G,"Y",'Weekly Log'!$A:$A,">="&$J52,'Weekly Log'!$A:$A,"<"&$J52+7)/COUNTIFS('Weekly Log'!$G:$G,"<>",'Weekly Log'!$A:$A,">="&$J52,'Weekly Log'!$A:$A,"<"&$J52+7),0)) | D52: =IF($J52="","",IFERROR(COUNTIFS('Weekly Log'!$H:$H,"Y",'Weekly Log'!$A:$A,">="&$J52,'Weekly Log'!$A:$A,"<"&$J52+7)/COUNTIFS('Weekly Log'!$H:$H,"<>",'Weekly Log'!$A:$A,">="&$J52,'Weekly Log'!$A:$A,"<"&$J52+7),0)) | E52: =IF($J52="","",IFERROR(AVERAGEIFS('Weekly Log'!$F:$F,'Weekly Log'!$A:$A,">="&$J52,'Weekly Log'!$A:$A,"<"&$J52+7),0)) | F52: =IF($J52="","",IFERROR(SUMIFS('Weekly Log'!$F:$F,'Weekly Log'!$A:$A,">="&$J52,'Weekly Log'!$A:$A,"<"&$J52+7)/SUMIFS('Weekly Log'!$E:$E,'Weekly Log'!$A:$A,">="&$J52,'Weekly Log'!$A:$A,"<"&$J52+7),0)) | G52: =IF($J52="","",IFERROR(LOOKUP(2,1/(('Weekly Log'!$A$5:$A$5000>=$J52)*('Weekly Log'!$A$5:$A$5000<$J52+7)*('Weekly Log'!$M$5:$M$5000<>"")),'Weekly Log'!$M$5:$M$5000),0)) | J52: =IF(COUNT('Weekly Log'!$A$5:$A$5000)=0,"",IF(MIN('Weekly Log'!$A$5:$A$5000)+7*(ROW()-10)>MAX('Weekly Log'!$A$5:$A$5000),"",MIN('Weekly Log'!$A$5:$A$5000)+7*(ROW()-10)))
A53: =IF($J53="","",YEAR($J53-WEEKDAY($J53,2)+4)&"-W"&TEXT(WEEKNUM($J53,21),"00")) | B53: =IF($J53="","",SUMIFS('Weekly Log'!$C:$C,'Weekly Log'!$A:$A,">="&$J53,'Weekly Log'!$A:$A,"<"&$J53+7)) | C53: =IF($J53="","",IFERROR(COUNTIFS('Weekly Log'!$G:$G,"Y",'Weekly Log'!$A:$A,">="&$J53,'Weekly Log'!$A:$A,"<"&$J53+7)/COUNTIFS('Weekly Log'!$G:$G,"<>",'Weekly Log'!$A:$A,">="&$J53,'Weekly Log'!$A:$A,"<"&$J53+7),0)) | D53: =IF($J53="","",IFERROR(COUNTIFS('Weekly Log'!$H:$H,"Y",'Weekly Log'!$A:$A,">="&$J53,'Weekly Log'!$A:$A,"<"&$J53+7)/COUNTIFS('Weekly Log'!$H:$H,"<>",'Weekly Log'!$A:$A,">="&$J53,'Weekly Log'!$A:$A,"<"&$J53+7),0)) | E53: =IF($J53="","",IFERROR(AVERAGEIFS('Weekly Log'!$F:$F,'Weekly Log'!$A:$A,">="&$J53,'Weekly Log'!$A:$A,"<"&$J53+7),0)) | F53: =IF($J53="","",IFERROR(SUMIFS('Weekly Log'!$F:$F,'Weekly Log'!$A:$A,">="&$J53,'Weekly Log'!$A:$A,"<"&$J53+7)/SUMIFS('Weekly Log'!$E:$E,'Weekly Log'!$A:$A,">="&$J53,'Weekly Log'!$A:$A,"<"&$J53+7),0)) | G53: =IF($J53="","",IFERROR(LOOKUP(2,1/(('Weekly Log'!$A$5:$A$5000>=$J53)*('Weekly Log'!$A$5:$A$5000<$J53+7)*('Weekly Log'!$M$5:$M$5000<>"")),'Weekly Log'!$M$5:$M$5000),0)) | H53: Seasonal demand spike | J53: =IF(COUNT('Weekly Log'!$A$5:$A$5000)=0,"",IF(MIN('Weekly Log'!$A$5:$A$5000)+7*(ROW()-10)>MAX('Weekly Log'!$A$5:$A$5000),"",MIN('Weekly Log'!$A$5:$A$5000)+7*(ROW()-10)))
A54: =IF($J54="","",YEAR($J54-WEEKDAY($J54,2)+4)&"-W"&TEXT(WEEKNUM($J54,21),"00")) | B54: =IF($J54="","",SUMIFS('Weekly Log'!$C:$C,'Weekly Log'!$A:$A,">="&$J54,'Weekly Log'!$A:$A,"<"&$J54+7)) | C54: =IF($J54="","",IFERROR(COUNTIFS('Weekly Log'!$G:$G,"Y",'Weekly Log'!$A:$A,">="&$J54,'Weekly Log'!$A:$A,"<"&$J54+7)/COUNTIFS('Weekly Log'!$G:$G,"<>",'Weekly Log'!$A:$A,">="&$J54,'Weekly Log'!$A:$A,"<"&$J54+7),0)) | D54: =IF($J54="","",IFERROR(COUNTIFS('Weekly Log'!$H:$H,"Y",'Weekly Log'!$A:$A,">="&$J54,'Weekly Log'!$A:$A,"<"&$J54+7)/COUNTIFS('Weekly Log'!$H:$H,"<>",'Weekly Log'!$A:$A,">="&$J54,'Weekly Log'!$A:$A,"<"&$J54+7),0)) | E54: =IF($J54="","",IFERROR(AVERAGEIFS('Weekly Log'!$F:$F,'Weekly Log'!$A:$A,">="&$J54,'Weekly Log'!$A:$A,"<"&$J54+7),0)) | F54: =IF($J54="","",IFERROR(SUMIFS('Weekly Log'!$F:$F,'Weekly Log'!$A:$A,">="&$J54,'Weekly Log'!$A:$A,"<"&$J54+7)/SUMIFS('Weekly Log'!$E:$E,'Weekly Log'!$A:$A,">="&$J54,'Weekly Log'!$A:$A,"<"&$J54+7),0)) | G54: =IF($J54="","",IFERROR(LOOKUP(2,1/(('Weekly Log'!$A$5:$A$5000>=$J54)*('Weekly Log'!$A$5:$A$5000<$J54+7)*('Weekly Log'!$M$5:$M$5000<>"")),'Weekly Log'!$M$5:$M$5000),0)) | J54: =IF(COUNT('Weekly Log'!$A$5:$A$5000)=0,"",IF(MIN('Weekly Log'!$A$5:$A$5000)+7*(ROW()-10)>MAX('Weekly Log'!$A$5:$A$5000),"",MIN('Weekly Log'!$A$5:$A$5000)+7*(ROW()-10)))
A55: =IF($J55="","",YEAR($J55-WEEKDAY($J55,2)+4)&"-W"&TEXT(WEEKNUM($J55,21),"00")) | B55: =IF($J55="","",SUMIFS('Weekly Log'!$C:$C,'Weekly Log'!$A:$A,">="&$J55,'Weekly Log'!$A:$A,"<"&$J55+7)) | C55: =IF($J55="","",IFERROR(COUNTIFS('Weekly Log'!$G:$G,"Y",'Weekly Log'!$A:$A,">="&$J55,'Weekly Log'!$A:$A,"<"&$J55+7)/COUNTIFS('Weekly Log'!$G:$G,"<>",'Weekly Log'!$A:$A,">="&$J55,'Weekly Log'!$A:$A,"<"&$J55+7),0)) | D55: =IF($J55="","",IFERROR(COUNTIFS('Weekly Log'!$H:$H,"Y",'Weekly Log'!$A:$A,">="&$J55,'Weekly Log'!$A:$A,"<"&$J55+7)/COUNTIFS('Weekly Log'!$H:$H,"<>",'Weekly Log'!$A:$A,">="&$J55,'Weekly Log'!$A:$A,"<"&$J55+7),0)) | E55: =IF($J55="","",IFERROR(AVERAGEIFS('Weekly Log'!$F:$F,'Weekly Log'!$A:$A,">="&$J55,'Weekly Log'!$A:$A,"<"&$J55+7),0)) | F55: =IF($J55="","",IFERROR(SUMIFS('Weekly Log'!$F:$F,'Weekly Log'!$A:$A,">="&$J55,'Weekly Log'!$A:$A,"<"&$J55+7)/SUMIFS('Weekly Log'!$E:$E,'Weekly Log'!$A:$A,">="&$J55,'Weekly Log'!$A:$A,"<"&$J55+7),0)) | G55: =IF($J55="","",IFERROR(LOOKUP(2,1/(('Weekly Log'!$A$5:$A$5000>=$J55)*('Weekly Log'!$A$5:$A$5000<$J55+7)*('Weekly Log'!$M$5:$M$5000<>"")),'Weekly Log'!$M$5:$M$5000),0)) | J55: =IF(COUNT('Weekly Log'!$A$5:$A$5000)=0,"",IF(MIN('Weekly Log'!$A$5:$A$5000)+7*(ROW()-10)>MAX('Weekly Log'!$A$5:$A$5000),"",MIN('Weekly Log'!$A$5:$A$5000)+7*(ROW()-10)))
A56: =IF($J56="","",YEAR($J56-WEEKDAY($J56,2)+4)&"-W"&TEXT(WEEKNUM($J56,21),"00")) | B56: =IF($J56="","",SUMIFS('Weekly Log'!$C:$C,'Weekly Log'!$A:$A,">="&$J56,'Weekly Log'!$A:$A,"<"&$J56+7)) | C56: =IF($J56="","",IFERROR(COUNTIFS('Weekly Log'!$G:$G,"Y",'Weekly Log'!$A:$A,">="&$J56,'Weekly Log'!$A:$A,"<"&$J56+7)/COUNTIFS('Weekly Log'!$G:$G,"<>",'Weekly Log'!$A:$A,">="&$J56,'Weekly Log'!$A:$A,"<"&$J56+7),0)) | D56: =IF($J56="","",IFERROR(COUNTIFS('Weekly Log'!$H:$H,"Y",'Weekly Log'!$A:$A,">="&$J56,'Weekly Log'!$A:$A,"<"&$J56+7)/COUNTIFS('Weekly Log'!$H:$H,"<>",'Weekly Log'!$A:$A,">="&$J56,'Weekly Log'!$A:$A,"<"&$J56+7),0)) | E56: =IF($J56="","",IFERROR(AVERAGEIFS('Weekly Log'!$F:$F,'Weekly Log'!$A:$A,">="&$J56,'Weekly Log'!$A:$A,"<"&$J56+7),0)) | F56: =IF($J56="","",IFERROR(SUMIFS('Weekly Log'!$F:$F,'Weekly Log'!$A:$A,">="&$J56,'Weekly Log'!$A:$A,"<"&$J56+7)/SUMIFS('Weekly Log'!$E:$E,'Weekly Log'!$A:$A,">="&$J56,'Weekly Log'!$A:$A,"<"&$J56+7),0)) | G56: =IF($J56="","",IFERROR(LOOKUP(2,1/(('Weekly Log'!$A$5:$A$5000>=$J56)*('Weekly Log'!$A$5:$A$5000<$J56+7)*('Weekly Log'!$M$5:$M$5000<>"")),'Weekly Log'!$M$5:$M$5000),0)) | J56: =IF(COUNT('Weekly Log'!$A$5:$A$5000)=0,"",IF(MIN('Weekly Log'!$A$5:$A$5000)+7*(ROW()-10)>MAX('Weekly Log'!$A$5:$A$5000),"",MIN('Weekly Log'!$A$5:$A$5000)+7*(ROW()-10)))
A57: =IF($J57="","",YEAR($J57-WEEKDAY($J57,2)+4)&"-W"&TEXT(WEEKNUM($J57,21),"00")) | B57: =IF($J57="","",SUMIFS('Weekly Log'!$C:$C,'Weekly Log'!$A:$A,">="&$J57,'Weekly Log'!$A:$A,"<"&$J57+7)) | C57: =IF($J57="","",IFERROR(COUNTIFS('Weekly Log'!$G:$G,"Y",'Weekly Log'!$A:$A,">="&$J57,'Weekly Log'!$A:$A,"<"&$J57+7)/COUNTIFS('Weekly Log'!$G:$G,"<>",'Weekly Log'!$A:$A,">="&$J57,'Weekly Log'!$A:$A,"<"&$J57+7),0)) | D57: =IF($J57="","",IFERROR(COUNTIFS('Weekly Log'!$H:$H,"Y",'Weekly Log'!$A:$A,">="&$J57,'Weekly Log'!$A:$A,"<"&$J57+7)/COUNTIFS('Weekly Log'!$H:$H,"<>",'Weekly Log'!$A:$A,">="&$J57,'Weekly Log'!$A:$A,"<"&$J57+7),0)) | E57: =IF($J57="","",IFERROR(AVERAGEIFS('Weekly Log'!$F:$F,'Weekly Log'!$A:$A,">="&$J57,'Weekly Log'!$A:$A,"<"&$J57+7),0)) | F57: =IF($J57="","",IFERROR(SUMIFS('Weekly Log'!$F:$F,'Weekly Log'!$A:$A,">="&$J57,'Weekly Log'!$A:$A,"<"&$J57+7)/SUMIFS('Weekly Log'!$E:$E,'Weekly Log'!$A:$A,">="&$J57,'Weekly Log'!$A:$A,"<"&$J57+7),0)) | G57: =IF($J57="","",IFERROR(LOOKUP(2,1/(('Weekly Log'!$A$5:$A$5000>=$J57)*('Weekly Log'!$A$5:$A$5000<$J57+7)*('Weekly Log'!$M$5:$M$5000<>"")),'Weekly Log'!$M$5:$M$5000),0)) | J57: =IF(COUNT('Weekly Log'!$A$5:$A$5000)=0,"",IF(MIN('Weekly Log'!$A$5:$A$5000)+7*(ROW()-10)>MAX('Weekly Log'!$A$5:$A$5000),"",MIN('Weekly Log'!$A$5:$A$5000)+7*(ROW()-10)))
A58: =IF($J58="","",YEAR($J58-WEEKDAY($J58,2)+4)&"-W"&TEXT(WEEKNUM($J58,21),"00")) | B58: =IF($J58="","",SUMIFS('Weekly Log'!$C:$C,'Weekly Log'!$A:$A,">="&$J58,'Weekly Log'!$A:$A,"<"&$J58+7)) | C58: =IF($J58="","",IFERROR(COUNTIFS('Weekly Log'!$G:$G,"Y",'Weekly Log'!$A:$A,">="&$J58,'Weekly Log'!$A:$A,"<"&$J58+7)/COUNTIFS('Weekly Log'!$G:$G,"<>",'Weekly Log'!$A:$A,">="&$J58,'Weekly Log'!$A:$A,"<"&$J58+7),0)) | D58: =IF($J58="","",IFERROR(COUNTIFS('Weekly Log'!$H:$H,"Y",'Weekly Log'!$A:$A,">="&$J58,'Weekly Log'!$A:$A,"<"&$J58+7)/COUNTIFS('Weekly Log'!$H:$H,"<>",'Weekly Log'!$A:$A,">="&$J58,'Weekly Log'!$A:$A,"<"&$J58+7),0)) | E58: =IF($J58="","",IFERROR(AVERAGEIFS('Weekly Log'!$F:$F,'Weekly Log'!$A:$A,">="&$J58,'Weekly Log'!$A:$A,"<"&$J58+7),0)) | F58: =IF($J58="","",IFERROR(SUMIFS('Weekly Log'!$F:$F,'Weekly Log'!$A:$A,">="&$J58,'Weekly Log'!$A:$A,"<"&$J58+7)/SUMIFS('Weekly Log'!$E:$E,'Weekly Log'!$A:$A,">="&$J58,'Weekly Log'!$A:$A,"<"&$J58+7),0)) | G58: =IF($J58="","",IFERROR(LOOKUP(2,1/(('Weekly Log'!$A$5:$A$5000>=$J58)*('Weekly Log'!$A$5:$A$5000<$J58+7)*('Weekly Log'!$M$5:$M$5000<>"")),'Weekly Log'!$M$5:$M$5000),0)) | H58: Weather delays | J58: =IF(COUNT('Weekly Log'!$A$5:$A$5000)=0,"",IF(MIN('Weekly Log'!$A$5:$A$5000)+7*(ROW()-10)>MAX('Weekly Log'!$A$5:$A$5000),"",MIN('Weekly Log'!$A$5:$A$5000)+7*(ROW()-10)))
A59: =IF($J59="","",YEAR($J59-WEEKDAY($J59,2)+4)&"-W"&TEXT(WEEKNUM($J59,21),"00")) | B59: =IF($J59="","",SUMIFS('Weekly Log'!$C:$C,'Weekly Log'!$A:$A,">="&$J59,'Weekly Log'!$A:$A,"<"&$J59+7)) | C59: =IF($J59="","",IFERROR(COUNTIFS('Weekly Log'!$G:$G,"Y",'Weekly Log'!$A:$A,">="&$J59,'Weekly Log'!$A:$A,"<"&$J59+7)/COUNTIFS('Weekly Log'!$G:$G,"<>",'Weekly Log'!$A:$A,">="&$J59,'Weekly Log'!$A:$A,"<"&$J59+7),0)) | D59: =IF($J59="","",IFERROR(COUNTIFS('Weekly Log'!$H:$H,"Y",'Weekly Log'!$A:$A,">="&$J59,'Weekly Log'!$A:$A,"<"&$J59+7)/COUNTIFS('Weekly Log'!$H:$H,"<>",'Weekly Log'!$A:$A,">="&$J59,'Weekly Log'!$A:$A,"<"&$J59+7),0)) | E59: =IF($J59="","",IFERROR(AVERAGEIFS('Weekly Log'!$F:$F,'Weekly Log'!$A:$A,">="&$J59,'Weekly Log'!$A:$A,"<"&$J59+7),0)) | F59: =IF($J59="","",IFERROR(SUMIFS('Weekly Log'!$F:$F,'Weekly Log'!$A:$A,">="&$J59,'Weekly Log'!$A:$A,"<"&$J59+7)/SUMIFS('Weekly Log'!$E:$E,'Weekly Log'!$A:$A,">="&$J59,'Weekly Log'!$A:$A,"<"&$J59+7),0)) | G59: =IF($J59="","",IFERROR(LOOKUP(2,1/(('Weekly Log'!$A$5:$A$5000>=$J59)*('Weekly Log'!$A$5:$A$5000<$J59+7)*('Weekly Log'!$M$5:$M$5000<>"")),'Weekly Log'!$M$5:$M$5000),0)) | J59: =IF(COUNT('Weekly Log'!$A$5:$A$5000)=0,"",IF(MIN('Weekly Log'!$A$5:$A$5000)+7*(ROW()-10)>MAX('Weekly Log'!$A$5:$A$5000),"",MIN('Weekly Log'!$A$5:$A$5000)+7*(ROW()-10)))
A60: =IF($J60="","",YEAR($J60-WEEKDAY($J60,2)+4)&"-W"&TEXT(WEEKNUM($J60,21),"00")) | B60: =IF($J60="","",SUMIFS('Weekly Log'!$C:$C,'Weekly Log'!$A:$A,">="&$J60,'Weekly Log'!$A:$A,"<"&$J60+7)) | C60: =IF($J60="","",IFERROR(COUNTIFS('Weekly Log'!$G:$G,"Y",'Weekly Log'!$A:$A,">="&$J60,'Weekly Log'!$A:$A,"<"&$J60+7)/COUNTIFS('Weekly Log'!$G:$G,"<>",'Weekly Log'!$A:$A,">="&$J60,'Weekly Log'!$A:$A,"<"&$J60+7),0)) | D60: =IF($J60="","",IFERROR(COUNTIFS('Weekly Log'!$H:$H,"Y",'Weekly Log'!$A:$A,">="&$J60,'Weekly Log'!$A:$A,"<"&$J60+7)/COUNTIFS('Weekly Log'!$H:$H,"<>",'Weekly Log'!$A:$A,">="&$J60,'Weekly Log'!$A:$A,"<"&$J60+7),0)) | E60: =IF($J60="","",IFERROR(AVERAGEIFS('Weekly Log'!$F:$F,'Weekly Log'!$A:$A,">="&$J60,'Weekly Log'!$A:$A,"<"&$J60+7),0)) | F60: =IF($J60="","",IFERROR(SUMIFS('Weekly Log'!$F:$F,'Weekly Log'!$A:$A,">="&$J60,'Weekly Log'!$A:$A,"<"&$J60+7)/SUMIFS('Weekly Log'!$E:$E,'Weekly Log'!$A:$A,">="&$J60,'Weekly Log'!$A:$A,"<"&$J60+7),0)) | G60: =IF($J60="","",IFERROR(LOOKUP(2,1/(('Weekly Log'!$A$5:$A$5000>=$J60)*('Weekly Log'!$A$5:$A$5000<$J60+7)*('Weekly Log'!$M$5:$M$5000<>"")),'Weekly Log'!$M$5:$M$5000),0)) | J60: =IF(COUNT('Weekly Log'!$A$5:$A$5000)=0,"",IF(MIN('Weekly Log'!$A$5:$A$5000)+7*(ROW()-10)>MAX('Weekly Log'!$A$5:$A$5000),"",MIN('Weekly Log'!$A$5:$A$5000)+7*(ROW()-10)))
A61: =IF($J61="","",YEAR($J61-WEEKDAY($J61,2)+4)&"-W"&TEXT(WEEKNUM($J61,21),"00")) | B61: =IF($J61="","",SUMIFS('Weekly Log'!$C:$C,'Weekly Log'!$A:$A,">="&$J61,'Weekly Log'!$A:$A,"<"&$J61+7)) | C61: =IF($J61="","",IFERROR(COUNTIFS('Weekly Log'!$G:$G,"Y",'Weekly Log'!$A:$A,">="&$J61,'Weekly Log'!$A:$A,"<"&$J61+7)/COUNTIFS('Weekly Log'!$G:$G,"<>",'Weekly Log'!$A:$A,">="&$J61,'Weekly Log'!$A:$A,"<"&$J61+7),0)) | D61: =IF($J61="","",IFERROR(COUNTIFS('Weekly Log'!$H:$H,"Y",'Weekly Log'!$A:$A,">="&$J61,'Weekly Log'!$A:$A,"<"&$J61+7)/COUNTIFS('Weekly Log'!$H:$H,"<>",'Weekly Log'!$A:$A,">="&$J61,'Weekly Log'!$A:$A,"<"&$J61+7),0)) | E61: =IF($J61="","",IFERROR(AVERAGEIFS('Weekly Log'!$F:$F,'Weekly Log'!$A:$A,">="&$J61,'Weekly Log'!$A:$A,"<"&$J61+7),0)) | F61: =IF($J61="","",IFERROR(SUMIFS('Weekly Log'!$F:$F,'Weekly Log'!$A:$A,">="&$J61,'Weekly Log'!$A:$A,"<"&$J61+7)/SUMIFS('Weekly Log'!$E:$E,'Weekly Log'!$A:$A,">="&$J61,'Weekly Log'!$A:$A,"<"&$J61+7),0)) | G61: =IF($J61="","",IFERROR(LOOKUP(2,1/(('Weekly Log'!$A$5:$A$5000>=$J61)*('Weekly Log'!$A$5:$A$5000<$J61+7)*('Weekly Log'!$M$5:$M$5000<>"")),'Weekly Log'!$M$5:$M$5000),0)) | J61: =IF(COUNT('Weekly Log'!$A$5:$A$5000)=0,"",IF(MIN('Weekly Log'!$A$5:$A$5000)+7*(ROW()-10)>MAX('Weekly Log'!$A$5:$A$5000),"",MIN('Weekly Log'!$A$5:$A$5000)+7*(ROW()-10)))
A62: =IF($J62="","",YEAR($J62-WEEKDAY($J62,2)+4)&"-W"&TEXT(WEEKNUM($J62,21),"00")) | B62: =IF($J62="","",SUMIFS('Weekly Log'!$C:$C,'Weekly Log'!$A:$A,">="&$J62,'Weekly Log'!$A:$A,"<"&$J62+7)) | C62: =IF($J62="","",IFERROR(COUNTIFS('Weekly Log'!$G:$G,"Y",'Weekly Log'!$A:$A,">="&$J62,'Weekly Log'!$A:$A,"<"&$J62+7)/COUNTIFS('Weekly Log'!$G:$G,"<>",'Weekly Log'!$A:$A,">="&$J62,'Weekly Log'!$A:$A,"<"&$J62+7),0)) | D62: =IF($J62="","",IFERROR(COUNTIFS('Weekly Log'!$H:$H,"Y",'Weekly Log'!$A:$A,">="&$J62,'Weekly Log'!$A:$A,"<"&$J62+7)/COUNTIFS('Weekly Log'!$H:$H,"<>",'Weekly Log'!$A:$A,">="&$J62,'Weekly Log'!$A:$A,"<"&$J62+7),0)) | E62: =IF($J62="","",IFERROR(AVERAGEIFS('Weekly Log'!$F:$F,'Weekly Log'!$A:$A,">="&$J62,'Weekly Log'!$A:$A,"<"&$J62+7),0)) | F62: =IF($J62="","",IFERROR(SUMIFS('Weekly Log'!$F:$F,'Weekly Log'!$A:$A,">="&$J62,'Weekly Log'!$A:$A,"<"&$J62+7)/SUMIFS('Weekly Log'!$E:$E,'Weekly Log'!$A:$A,">="&$J62,'Weekly Log'!$A:$A,"<"&$J62+7),0)) | G62: =IF($J62="","",IFERROR(LOOKUP(2,1/(('Weekly Log'!$A$5:$A$5000>=$J62)*('Weekly Log'!$A$5:$A$5000<$J62+7)*('Weekly Log'!$M$5:$M$5000<>"")),'Weekly Log'!$M$5:$M$5000),0)) | J62: =IF(COUNT('Weekly Log'!$A$5:$A$5000)=0,"",IF(MIN('Weekly Log'!$A$5:$A$5000)+7*(ROW()-10)>MAX('Weekly Log'!$A$5:$A$5000),"",MIN('Weekly Log'!$A$5:$A$5000)+7*(ROW()-10)))
A63: =IF($J63="","",YEAR($J63-WEEKDAY($J63,2)+4)&"-W"&TEXT(WEEKNUM($J63,21),"00")) | B63: =IF($J63="","",SUMIFS('Weekly Log'!$C:$C,'Weekly Log'!$A:$A,">="&$J63,'Weekly Log'!$A:$A,"<"&$J63+7)) | C63: =IF($J63="","",IFERROR(COUNTIFS('Weekly Log'!$G:$G,"Y",'Weekly Log'!$A:$A,">="&$J63,'Weekly Log'!$A:$A,"<"&$J63+7)/COUNTIFS('Weekly Log'!$G:$G,"<>",'Weekly Log'!$A:$A,">="&$J63,'Weekly Log'!$A:$A,"<"&$J63+7),0)) | D63: =IF($J63="","",IFERROR(COUNTIFS('Weekly Log'!$H:$H,"Y",'Weekly Log'!$A:$A,">="&$J63,'Weekly Log'!$A:$A,"<"&$J63+7)/COUNTIFS('Weekly Log'!$H:$H,"<>",'Weekly Log'!$A:$A,">="&$J63,'Weekly Log'!$A:$A,"<"&$J63+7),0)) | E63: =IF($J63="","",IFERROR(AVERAGEIFS('Weekly Log'!$F:$F,'Weekly Log'!$A:$A,">="&$J63,'Weekly Log'!$A:$A,"<"&$J63+7),0)) | F63: =IF($J63="","",IFERROR(SUMIFS('Weekly Log'!$F:$F,'Weekly Log'!$A:$A,">="&$J63,'Weekly Log'!$A:$A,"<"&$J63+7)/SUMIFS('Weekly Log'!$E:$E,'Weekly Log'!$A:$A,">="&$J63,'Weekly Log'!$A:$A,"<"&$J63+7),0)) | G63: =IF($J63="","",IFERROR(LOOKUP(2,1/(('Weekly Log'!$A$5:$A$5000>=$J63)*('Weekly Log'!$A$5:$A$5000<$J63+7)*('Weekly Log'!$M$5:$M$5000<>"")),'Weekly Log'!$M$5:$M$5000),0)) | J63: =IF(COUNT('Weekly Log'!$A$5:$A$5000)=0,"",IF(MIN('Weekly Log'!$A$5:$A$5000)+7*(ROW()-10)>MAX('Weekly Log'!$A$5:$A$5000),"",MIN('Weekly Log'!$A$5:$A$5000)+7*(ROW()-10)))
A64: =IF($J64="","",YEAR($J64-WEEKDAY($J64,2)+4)&"-W"&TEXT(WEEKNUM($J64,21),"00")) | B64: =IF($J64="","",SUMIFS('Weekly Log'!$C:$C,'Weekly Log'!$A:$A,">="&$J64,'Weekly Log'!$A:$A,"<"&$J64+7)) | C64: =IF($J64="","",IFERROR(COUNTIFS('Weekly Log'!$G:$G,"Y",'Weekly Log'!$A:$A,">="&$J64,'Weekly Log'!$A:$A,"<"&$J64+7)/COUNTIFS('Weekly Log'!$G:$G,"<>",'Weekly Log'!$A:$A,">="&$J64,'Weekly Log'!$A:$A,"<"&$J64+7),0)) | D64: =IF($J64="","",IFERROR(COUNTIFS('Weekly Log'!$H:$H,"Y",'Weekly Log'!$A:$A,">="&$J64,'Weekly Log'!$A:$A,"<"&$J64+7)/COUNTIFS('Weekly Log'!$H:$H,"<>",'Weekly Log'!$A:$A,">="&$J64,'Weekly Log'!$A:$A,"<"&$J64+7),0)) | E64: =IF($J64="","",IFERROR(AVERAGEIFS('Weekly Log'!$F:$F,'Weekly Log'!$A:$A,">="&$J64,'Weekly Log'!$A:$A,"<"&$J64+7),0)) | F64: =IF($J64="","",IFERROR(SUMIFS('Weekly Log'!$F:$F,'Weekly Log'!$A:$A,">="&$J64,'Weekly Log'!$A:$A,"<"&$J64+7)/SUMIFS('Weekly Log'!$E:$E,'Weekly Log'!$A:$A,">="&$J64,'Weekly Log'!$A:$A,"<"&$J64+7),0)) | G64: =IF($J64="","",IFERROR(LOOKUP(2,1/(('Weekly Log'!$A$5:$A$5000>=$J64)*('Weekly Log'!$A$5:$A$5000<$J64+7)*('Weekly Log'!$M$5:$M$5000<>"")),'Weekly Log'!$M$5:$M$5000),0)) | J64: =IF(COUNT('Weekly Log'!$A$5:$A$5000)=0,"",IF(MIN('Weekly Log'!$A$5:$A$5000)+7*(ROW()-10)>MAX('Weekly Log'!$A$5:$A$5000),"",MIN('Weekly Log'!$A$5:$A$5000)+7*(ROW()-10)))
A65: =IF($J65="","",YEAR($J65-WEEKDAY($J65,2)+4)&"-W"&TEXT(WEEKNUM($J65,21),"00")) | B65: =IF($J65="","",SUMIFS('Weekly Log'!$C:$C,'Weekly Log'!$A:$A,">="&$J65,'Weekly Log'!$A:$A,"<"&$J65+7)) | C65: =IF($J65="","",IFERROR(COUNTIFS('Weekly Log'!$G:$G,"Y",'Weekly Log'!$A:$A,">="&$J65,'Weekly Log'!$A:$A,"<"&$J65+7)/COUNTIFS('Weekly Log'!$G:$G,"<>",'Weekly Log'!$A:$A,">="&$J65,'Weekly Log'!$A:$A,"<"&$J65+7),0)) | D65: =IF($J65="","",IFERROR(COUNTIFS('Weekly Log'!$H:$H,"Y",'Weekly Log'!$A:$A,">="&$J65,'Weekly Log'!$A:$A,"<"&$J65+7)/COUNTIFS('Weekly Log'!$H:$H,"<>",'Weekly Log'!$A:$A,">="&$J65,'Weekly Log'!$A:$A,"<"&$J65+7),0)) | E65: =IF($J65="","",IFERROR(AVERAGEIFS('Weekly Log'!$F:$F,'Weekly Log'!$A:$A,">="&$J65,'Weekly Log'!$A:$A,"<"&$J65+7),0)) | F65: =IF($J65="","",IFERROR(SUMIFS('Weekly Log'!$F:$F,'Weekly Log'!$A:$A,">="&$J65,'Weekly Log'!$A:$A,"<"&$J65+7)/SUMIFS('Weekly Log'!$E:$E,'Weekly Log'!$A:$A,">="&$J65,'Weekly Log'!$A:$A,"<"&$J65+7),0)) | G65: =IF($J65="","",IFERROR(LOOKUP(2,1/(('Weekly Log'!$A$5:$A$5000>=$J65)*('Weekly Log'!$A$5:$A$5000<$J65+7)*('Weekly Log'!$M$5:$M$5000<>"")),'Weekly Log'!$M$5:$M$5000),0)) | H65: Seasonal demand spike | J65: =IF(COUNT('Weekly Log'!$A$5:$A$5000)=0,"",IF(MIN('Weekly Log'!$A$5:$A$5000)+7*(ROW()-10)>MAX('Weekly Log'!$A$5:$A$5000),"",MIN('Weekly Log'!$A$5:$A$5000)+7*(ROW()-10)))
A66: =IF($J66="","",YEAR($J66-WEEKDAY($J66,2)+4)&"-W"&TEXT(WEEKNUM($J66,21),"00")) | B66: =IF($J66="","",SUMIFS('Weekly Log'!$C:$C,'Weekly Log'!$A:$A,">="&$J66,'Weekly Log'!$A:$A,"<"&$J66+7)) | C66: =IF($J66="","",IFERROR(COUNTIFS('Weekly Log'!$G:$G,"Y",'Weekly Log'!$A:$A,">="&$J66,'Weekly Log'!$A:$A,"<"&$J66+7)/COUNTIFS('Weekly Log'!$G:$G,"<>",'Weekly Log'!$A:$A,">="&$J66,'Weekly Log'!$A:$A,"<"&$J66+7),0)) | D66: =IF($J66="","",IFERROR(COUNTIFS('Weekly Log'!$H:$H,"Y",'Weekly Log'!$A:$A,">="&$J66,'Weekly Log'!$A:$A,"<"&$J66+7)/COUNTIFS('Weekly Log'!$H:$H,"<>",'Weekly Log'!$A:$A,">="&$J66,'Weekly Log'!$A:$A,"<"&$J66+7),0)) | E66: =IF($J66="","",IFERROR(AVERAGEIFS('Weekly Log'!$F:$F,'Weekly Log'!$A:$A,">="&$J66,'Weekly Log'!$A:$A,"<"&$J66+7),0)) | F66: =IF($J66="","",IFERROR(SUMIFS('Weekly Log'!$F:$F,'Weekly Log'!$A:$A,">="&$J66,'Weekly Log'!$A:$A,"<"&$J66+7)/SUMIFS('Weekly Log'!$E:$E,'Weekly Log'!$A:$A,">="&$J66,'Weekly Log'!$A:$A,"<"&$J66+7),0)) | G66: =IF($J66="","",IFERROR(LOOKUP(2,1/(('Weekly Log'!$A$5:$A$5000>=$J66)*('Weekly Log'!$A$5:$A$5000<$J66+7)*('Weekly Log'!$M$5:$M$5000<>"")),'Weekly Log'!$M$5:$M$5000),0)) | J66: =IF(COUNT('Weekly Log'!$A$5:$A$5000)=0,"",IF(MIN('Weekly Log'!$A$5:$A$5000)+7*(ROW()-10)>MAX('Weekly Log'!$A$5:$A$5000),"",MIN('Weekly Log'!$A$5:$A$5000)+7*(ROW()-10)))
A67: =IF($J67="","",YEAR($J67-WEEKDAY($J67,2)+4)&"-W"&TEXT(WEEKNUM($J67,21),"00")) | B67: =IF($J67="","",SUMIFS('Weekly Log'!$C:$C,'Weekly Log'!$A:$A,">="&$J67,'Weekly Log'!$A:$A,"<"&$J67+7)) | C67: =IF($J67="","",IFERROR(COUNTIFS('Weekly Log'!$G:$G,"Y",'Weekly Log'!$A:$A,">="&$J67,'Weekly Log'!$A:$A,"<"&$J67+7)/COUNTIFS('Weekly Log'!$G:$G,"<>",'Weekly Log'!$A:$A,">="&$J67,'Weekly Log'!$A:$A,"<"&$J67+7),0)) | D67: =IF($J67="","",IFERROR(COUNTIFS('Weekly Log'!$H:$H,"Y",'Weekly Log'!$A:$A,">="&$J67,'Weekly Log'!$A:$A,"<"&$J67+7)/COUNTIFS('Weekly Log'!$H:$H,"<>",'Weekly Log'!$A:$A,">="&$J67,'Weekly Log'!$A:$A,"<"&$J67+7),0)) | E67: =IF($J67="","",IFERROR(AVERAGEIFS('Weekly Log'!$F:$F,'Weekly Log'!$A:$A,">="&$J67,'Weekly Log'!$A:$A,"<"&$J67+7),0)) | F67: =IF($J67="","",IFERROR(SUMIFS('Weekly Log'!$F:$F,'Weekly Log'!$A:$A,">="&$J67,'Weekly Log'!$A:$A,"<"&$J67+7)/SUMIFS('Weekly Log'!$E:$E,'Weekly Log'!$A:$A,">="&$J67,'Weekly Log'!$A:$A,"<"&$J67+7),0)) | G67: =IF($J67="","",IFERROR(LOOKUP(2,1/(('Weekly Log'!$A$5:$A$5000>=$J67)*('Weekly Log'!$A$5:$A$5000<$J67+7)*('Weekly Log'!$M$5:$M$5000<>"")),'Weekly Log'!$M$5:$M$5000),0)) | J67: =IF(COUNT('Weekly Log'!$A$5:$A$5000)=0,"",IF(MIN('Weekly Log'!$A$5:$A$5000)+7*(ROW()-10)>MAX('Weekly Log'!$A$5:$A$5000),"",MIN('Weekly Log'!$A$5:$A$5000)+7*(ROW()-10)))
A68: =IF($J68="","",YEAR($J68-WEEKDAY($J68,2)+4)&"-W"&TEXT(WEEKNUM($J68,21),"00")) | B68: =IF($J68="","",SUMIFS('Weekly Log'!$C:$C,'Weekly Log'!$A:$A,">="&$J68,'Weekly Log'!$A:$A,"<"&$J68+7)) | C68: =IF($J68="","",IFERROR(COUNTIFS('Weekly Log'!$G:$G,"Y",'Weekly Log'!$A:$A,">="&$J68,'Weekly Log'!$A:$A,"<"&$J68+7)/COUNTIFS('Weekly Log'!$G:$G,"<>",'Weekly Log'!$A:$A,">="&$J68,'Weekly Log'!$A:$A,"<"&$J68+7),0)) | D68: =IF($J68="","",IFERROR(COUNTIFS('Weekly Log'!$H:$H,"Y",'Weekly Log'!$A:$A,">="&$J68,'Weekly Log'!$A:$A,"<"&$J68+7)/COUNTIFS('Weekly Log'!$H:$H,"<>",'Weekly Log'!$A:$A,">="&$J68,'Weekly Log'!$A:$A,"<"&$J68+7),0)) | E68: =IF($J68="","",IFERROR(AVERAGEIFS('Weekly Log'!$F:$F,'Weekly Log'!$A:$A,">="&$J68,'Weekly Log'!$A:$A,"<"&$J68+7),0)) | F68: =IF($J68="","",IFERROR(SUMIFS('Weekly Log'!$F:$F,'Weekly Log'!$A:$A,">="&$J68,'Weekly Log'!$A:$A,"<"&$J68+7)/SUMIFS('Weekly Log'!$E:$E,'Weekly Log'!$A:$A,">="&$J68,'Weekly Log'!$A:$A,"<"&$J68+7),0)) | G68: =IF($J68="","",IFERROR(LOOKUP(2,1/(('Weekly Log'!$A$5:$A$5000>=$J68)*('Weekly Log'!$A$5:$A$5000<$J68+7)*('Weekly Log'!$M$5:$M$5000<>"")),'Weekly Log'!$M$5:$M$5000),0)) | J68: =IF(COUNT('Weekly Log'!$A$5:$A$5000)=0,"",IF(MIN('Weekly Log'!$A$5:$A$5000)+7*(ROW()-10)>MAX('Weekly Log'!$A$5:$A$5000),"",MIN('Weekly Log'!$A$5:$A$5000)+7*(ROW()-10)))
A69: =IF($J69="","",YEAR($J69-WEEKDAY($J69,2)+4)&"-W"&TEXT(WEEKNUM($J69,21),"00")) | B69: =IF($J69="","",SUMIFS('Weekly Log'!$C:$C,'Weekly Log'!$A:$A,">="&$J69,'Weekly Log'!$A:$A,"<"&$J69+7)) | C69: =IF($J69="","",IFERROR(COUNTIFS('Weekly Log'!$G:$G,"Y",'Weekly Log'!$A:$A,">="&$J69,'Weekly Log'!$A:$A,"<"&$J69+7)/COUNTIFS('Weekly Log'!$G:$G,"<>",'Weekly Log'!$A:$A,">="&$J69,'Weekly Log'!$A:$A,"<"&$J69+7),0)) | D69: =IF($J69="","",IFERROR(COUNTIFS('Weekly Log'!$H:$H,"Y",'Weekly Log'!$A:$A,">="&$J69,'Weekly Log'!$A:$A,"<"&$J69+7)/COUNTIFS('Weekly Log'!$H:$H,"<>",'Weekly Log'!$A:$A,">="&$J69,'Weekly Log'!$A:$A,"<"&$J69+7),0)) | E69: =IF($J69="","",IFERROR(AVERAGEIFS('Weekly Log'!$F:$F,'Weekly Log'!$A:$A,">="&$J69,'Weekly Log'!$A:$A,"<"&$J69+7),0)) | F69: =IF($J69="","",IFERROR(SUMIFS('Weekly Log'!$F:$F,'Weekly Log'!$A:$A,">="&$J69,'Weekly Log'!$A:$A,"<"&$J69+7)/SUMIFS('Weekly Log'!$E:$E,'Weekly Log'!$A:$A,">="&$J69,'Weekly Log'!$A:$A,"<"&$J69+7),0)) | G69: =IF($J69="","",IFERROR(LOOKUP(2,1/(('Weekly Log'!$A$5:$A$5000>=$J69)*('Weekly Log'!$A$5:$A$5000<$J69+7)*('Weekly Log'!$M$5:$M$5000<>"")),'Weekly Log'!$M$5:$M$5000),0)) | J69: =IF(COUNT('Weekly Log'!$A$5:$A$5000)=0,"",IF(MIN('Weekly Log'!$A$5:$A$5000)+7*(ROW()-10)>MAX('Weekly Log'!$A$5:$A$5000),"",MIN('Weekly Log'!$A$5:$A$5000)+7*(ROW()-10)))
A70: =IF($J70="","",YEAR($J70-WEEKDAY($J70,2)+4)&"-W"&TEXT(WEEKNUM($J70,21),"00")) | B70: =IF($J70="","",SUMIFS('Weekly Log'!$C:$C,'Weekly Log'!$A:$A,">="&$J70,'Weekly Log'!$A:$A,"<"&$J70+7)) | C70: =IF($J70="","",IFERROR(COUNTIFS('Weekly Log'!$G:$G,"Y",'Weekly Log'!$A:$A,">="&$J70,'Weekly Log'!$A:$A,"<"&$J70+7)/COUNTIFS('Weekly Log'!$G:$G,"<>",'Weekly Log'!$A:$A,">="&$J70,'Weekly Log'!$A:$A,"<"&$J70+7),0)) | D70: =IF($J70="","",IFERROR(COUNTIFS('Weekly Log'!$H:$H,"Y",'Weekly Log'!$A:$A,">="&$J70,'Weekly Log'!$A:$A,"<"&$J70+7)/COUNTIFS('Weekly Log'!$H:$H,"<>",'Weekly Log'!$A:$A,">="&$J70,'Weekly Log'!$A:$A,"<"&$J70+7),0)) | E70: =IF($J70="","",IFERROR(AVERAGEIFS('Weekly Log'!$F:$F,'Weekly Log'!$A:$A,">="&$J70,'Weekly Log'!$A:$A,"<"&$J70+7),0)) | F70: =IF($J70="","",IFERROR(SUMIFS('Weekly Log'!$F:$F,'Weekly Log'!$A:$A,">="&$J70,'Weekly Log'!$A:$A,"<"&$J70+7)/SUMIFS('Weekly Log'!$E:$E,'Weekly Log'!$A:$A,">="&$J70,'Weekly Log'!$A:$A,"<"&$J70+7),0)) | G70: =IF($J70="","",IFERROR(LOOKUP(2,1/(('Weekly Log'!$A$5:$A$5000>=$J70)*('Weekly Log'!$A$5:$A$5000<$J70+7)*('Weekly Log'!$M$5:$M$5000<>"")),'Weekly Log'!$M$5:$M$5000),0)) | J70: =IF(COUNT('Weekly Log'!$A$5:$A$5000)=0,"",IF(MIN('Weekly Log'!$A$5:$A$5000)+7*(ROW()-10)>MAX('Weekly Log'!$A$5:$A$5000),"",MIN('Weekly Log'!$A$5:$A$5000)+7*(ROW()-10)))
A71: =IF($J71="","",YEAR($J71-WEEKDAY($J71,2)+4)&"-W"&TEXT(WEEKNUM($J71,21),"00")) | B71: =IF($J71="","",SUMIFS('Weekly Log'!$C:$C,'Weekly Log'!$A:$A,">="&$J71,'Weekly Log'!$A:$A,"<"&$J71+7)) | C71: =IF($J71="","",IFERROR(COUNTIFS('Weekly Log'!$G:$G,"Y",'Weekly Log'!$A:$A,">="&$J71,'Weekly Log'!$A:$A,"<"&$J71+7)/COUNTIFS('Weekly Log'!$G:$G,"<>",'Weekly Log'!$A:$A,">="&$J71,'Weekly Log'!$A:$A,"<"&$J71+7),0)) | D71: =IF($J71="","",IFERROR(COUNTIFS('Weekly Log'!$H:$H,"Y",'Weekly Log'!$A:$A,">="&$J71,'Weekly Log'!$A:$A,"<"&$J71+7)/COUNTIFS('Weekly Log'!$H:$H,"<>",'Weekly Log'!$A:$A,">="&$J71,'Weekly Log'!$A:$A,"<"&$J71+7),0)) | E71: =IF($J71="","",IFERROR(AVERAGEIFS('Weekly Log'!$F:$F,'Weekly Log'!$A:$A,">="&$J71,'Weekly Log'!$A:$A,"<"&$J71+7),0)) | F71: =IF($J71="","",IFERROR(SUMIFS('Weekly Log'!$F:$F,'Weekly Log'!$A:$A,">="&$J71,'Weekly Log'!$A:$A,"<"&$J71+7)/SUMIFS('Weekly Log'!$E:$E,'Weekly Log'!$A:$A,">="&$J71,'Weekly Log'!$A:$A,"<"&$J71+7),0)) | G71: =IF($J71="","",IFERROR(LOOKUP(2,1/(('Weekly Log'!$A$5:$A$5000>=$J71)*('Weekly Log'!$A$5:$A$5000<$J71+7)*('Weekly Log'!$M$5:$M$5000<>"")),'Weekly Log'!$M$5:$M$5000),0)) | J71: =IF(COUNT('Weekly Log'!$A$5:$A$5000)=0,"",IF(MIN('Weekly Log'!$A$5:$A$5000)+7*(ROW()-10)>MAX('Weekly Log'!$A$5:$A$5000),"",MIN('Weekly Log'!$A$5:$A$5000)+7*(ROW()-10)))
A72: =IF($J72="","",YEAR($J72-WEEKDAY($J72,2)+4)&"-W"&TEXT(WEEKNUM($J72,21),"00")) | B72: =IF($J72="","",SUMIFS('Weekly Log'!$C:$C,'Weekly Log'!$A:$A,">="&$J72,'Weekly Log'!$A:$A,"<"&$J72+7)) | C72: =IF($J72="","",IFERROR(COUNTIFS('Weekly Log'!$G:$G,"Y",'Weekly Log'!$A:$A,">="&$J72,'Weekly Log'!$A:$A,"<"&$J72+7)/COUNTIFS('Weekly Log'!$G:$G,"<>",'Weekly Log'!$A:$A,">="&$J72,'Weekly Log'!$A:$A,"<"&$J72+7),0)) | D72: =IF($J72="","",IFERROR(COUNTIFS('Weekly Log'!$H:$H,"Y",'Weekly Log'!$A:$A,">="&$J72,'Weekly Log'!$A:$A,"<"&$J72+7)/COUNTIFS('Weekly Log'!$H:$H,"<>",'Weekly Log'!$A:$A,">="&$J72,'Weekly Log'!$A:$A,"<"&$J72+7),0)) | E72: =IF($J72="","",IFERROR(AVERAGEIFS('Weekly Log'!$F:$F,'Weekly Log'!$A:$A,">="&$J72,'Weekly Log'!$A:$A,"<"&$J72+7),0)) | F72: =IF($J72="","",IFERROR(SUMIFS('Weekly Log'!$F:$F,'Weekly Log'!$A:$A,">="&$J72,'Weekly Log'!$A:$A,"<"&$J72+7)/SUMIFS('Weekly Log'!$E:$E,'Weekly Log'!$A:$A,">="&$J72,'Weekly Log'!$A:$A,"<"&$J72+7),0)) | G72: =IF($J72="","",IFERROR(LOOKUP(2,1/(('Weekly Log'!$A$5:$A$5000>=$J72)*('Weekly Log'!$A$5:$A$5000<$J72+7)*('Weekly Log'!$M$5:$M$5000<>"")),'Weekly Log'!$M$5:$M$5000),0)) | J72: =IF(COUNT('Weekly Log'!$A$5:$A$5000)=0,"",IF(MIN('Weekly Log'!$A$5:$A$5000)+7*(ROW()-10)>MAX('Weekly Log'!$A$5:$A$5000),"",MIN('Weekly Log'!$A$5:$A$5000)+7*(ROW()-10)))
A73: =IF($J73="","",YEAR($J73-WEEKDAY($J73,2)+4)&"-W"&TEXT(WEEKNUM($J73,21),"00")) | B73: =IF($J73="","",SUMIFS('Weekly Log'!$C:$C,'Weekly Log'!$A:$A,">="&$J73,'Weekly Log'!$A:$A,"<"&$J73+7)) | C73: =IF($J73="","",IFERROR(COUNTIFS('Weekly Log'!$G:$G,"Y",'Weekly Log'!$A:$A,">="&$J73,'Weekly Log'!$A:$A,"<"&$J73+7)/COUNTIFS('Weekly Log'!$G:$G,"<>",'Weekly Log'!$A:$A,">="&$J73,'Weekly Log'!$A:$A,"<"&$J73+7),0)) | D73: =IF($J73="","",IFERROR(COUNTIFS('Weekly Log'!$H:$H,"Y",'Weekly Log'!$A:$A,">="&$J73,'Weekly Log'!$A:$A,"<"&$J73+7)/COUNTIFS('Weekly Log'!$H:$H,"<>",'Weekly Log'!$A:$A,">="&$J73,'Weekly Log'!$A:$A,"<"&$J73+7),0)) | E73: =IF($J73="","",IFERROR(AVERAGEIFS('Weekly Log'!$F:$F,'Weekly Log'!$A:$A,">="&$J73,'Weekly Log'!$A:$A,"<"&$J73+7),0)) | F73: =IF($J73="","",IFERROR(SUMIFS('Weekly Log'!$F:$F,'Weekly Log'!$A:$A,">="&$J73,'Weekly Log'!$A:$A,"<"&$J73+7)/SUMIFS('Weekly Log'!$E:$E,'Weekly Log'!$A:$A,">="&$J73,'Weekly Log'!$A:$A,"<"&$J73+7),0)) | G73: =IF($J73="","",IFERROR(LOOKUP(2,1/(('Weekly Log'!$A$5:$A$5000>=$J73)*('Weekly Log'!$A$5:$A$5000<$J73+7)*('Weekly Log'!$M$5:$M$5000<>"")),'Weekly Log'!$M$5:$M$5000),0)) | J73: =IF(COUNT('Weekly Log'!$A$5:$A$5000)=0,"",IF(MIN('Weekly Log'!$A$5:$A$5000)+7*(ROW()-10)>MAX('Weekly Log'!$A$5:$A$5000),"",MIN('Weekly Log'!$A$5:$A$5000)+7*(ROW()-10)))
A74: =IF($J74="","",YEAR($J74-WEEKDAY($J74,2)+4)&"-W"&TEXT(WEEKNUM($J74,21),"00")) | B74: =IF($J74="","",SUMIFS('Weekly Log'!$C:$C,'Weekly Log'!$A:$A,">="&$J74,'Weekly Log'!$A:$A,"<"&$J74+7)) | C74: =IF($J74="","",IFERROR(COUNTIFS('Weekly Log'!$G:$G,"Y",'Weekly Log'!$A:$A,">="&$J74,'Weekly Log'!$A:$A,"<"&$J74+7)/COUNTIFS('Weekly Log'!$G:$G,"<>",'Weekly Log'!$A:$A,">="&$J74,'Weekly Log'!$A:$A,"<"&$J74+7),0)) | D74: =IF($J74="","",IFERROR(COUNTIFS('Weekly Log'!$H:$H,"Y",'Weekly Log'!$A:$A,">="&$J74,'Weekly Log'!$A:$A,"<"&$J74+7)/COUNTIFS('Weekly Log'!$H:$H,"<>",'Weekly Log'!$A:$A,">="&$J74,'Weekly Log'!$A:$A,"<"&$J74+7),0)) | E74: =IF($J74="","",IFERROR(AVERAGEIFS('Weekly Log'!$F:$F,'Weekly Log'!$A:$A,">="&$J74,'Weekly Log'!$A:$A,"<"&$J74+7),0)) | F74: =IF($J74="","",IFERROR(SUMIFS('Weekly Log'!$F:$F,'Weekly Log'!$A:$A,">="&$J74,'Weekly Log'!$A:$A,"<"&$J74+7)/SUMIFS('Weekly Log'!$E:$E,'Weekly Log'!$A:$A,">="&$J74,'Weekly Log'!$A:$A,"<"&$J74+7),0)) | G74: =IF($J74="","",IFERROR(LOOKUP(2,1/(('Weekly Log'!$A$5:$A$5000>=$J74)*('Weekly Log'!$A$5:$A$5000<$J74+7)*('Weekly Log'!$M$5:$M$5000<>"")),'Weekly Log'!$M$5:$M$5000),0)) | J74: =IF(COUNT('Weekly Log'!$A$5:$A$5000)=0,"",IF(MIN('Weekly Log'!$A$5:$A$5000)+7*(ROW()-10)>MAX('Weekly Log'!$A$5:$A$5000),"",MIN('Weekly Log'!$A$5:$A$5000)+7*(ROW()-10)))
A75: =IF($J75="","",YEAR($J75-WEEKDAY($J75,2)+4)&"-W"&TEXT(WEEKNUM($J75,21),"00")) | B75: =IF($J75="","",SUMIFS('Weekly Log'!$C:$C,'Weekly Log'!$A:$A,">="&$J75,'Weekly Log'!$A:$A,"<"&$J75+7)) | C75: =IF($J75="","",IFERROR(COUNTIFS('Weekly Log'!$G:$G,"Y",'Weekly Log'!$A:$A,">="&$J75,'Weekly Log'!$A:$A,"<"&$J75+7)/COUNTIFS('Weekly Log'!$G:$G,"<>",'Weekly Log'!$A:$A,">="&$J75,'Weekly Log'!$A:$A,"<"&$J75+7),0)) | D75: =IF($J75="","",IFERROR(COUNTIFS('Weekly Log'!$H:$H,"Y",'Weekly Log'!$A:$A,">="&$J75,'Weekly Log'!$A:$A,"<"&$J75+7)/COUNTIFS('Weekly Log'!$H:$H,"<>",'Weekly Log'!$A:$A,">="&$J75,'Weekly Log'!$A:$A,"<"&$J75+7),0)) | E75: =IF($J75="","",IFERROR(AVERAGEIFS('Weekly Log'!$F:$F,'Weekly Log'!$A:$A,">="&$J75,'Weekly Log'!$A:$A,"<"&$J75+7),0)) | F75: =IF($J75="","",IFERROR(SUMIFS('Weekly Log'!$F:$F,'Weekly Log'!$A:$A,">="&$J75,'Weekly Log'!$A:$A,"<"&$J75+7)/SUMIFS('Weekly Log'!$E:$E,'Weekly Log'!$A:$A,">="&$J75,'Weekly Log'!$A:$A,"<"&$J75+7),0)) | G75: =IF($J75="","",IFERROR(LOOKUP(2,1/(('Weekly Log'!$A$5:$A$5000>=$J75)*('Weekly Log'!$A$5:$A$5000<$J75+7)*('Weekly Log'!$M$5:$M$5000<>"")),'Weekly Log'!$M$5:$M$5000),0)) | J75: =IF(COUNT('Weekly Log'!$A$5:$A$5000)=0,"",IF(MIN('Weekly Log'!$A$5:$A$5000)+7*(ROW()-10)>MAX('Weekly Log'!$A$5:$A$5000),"",MIN('Weekly Log'!$A$5:$A$5000)+7*(ROW()-10)))
A76: =IF($J76="","",YEAR($J76-WEEKDAY($J76,2)+4)&"-W"&TEXT(WEEKNUM($J76,21),"00")) | B76: =IF($J76="","",SUMIFS('Weekly Log'!$C:$C,'Weekly Log'!$A:$A,">="&$J76,'Weekly Log'!$A:$A,"<"&$J76+7)) | C76: =IF($J76="","",IFERROR(COUNTIFS('Weekly Log'!$G:$G,"Y",'Weekly Log'!$A:$A,">="&$J76,'Weekly Log'!$A:$A,"<"&$J76+7)/COUNTIFS('Weekly Log'!$G:$G,"<>",'Weekly Log'!$A:$A,">="&$J76,'Weekly Log'!$A:$A,"<"&$J76+7),0)) | D76: =IF($J76="","",IFERROR(COUNTIFS('Weekly Log'!$H:$H,"Y",'Weekly Log'!$A:$A,">="&$J76,'Weekly Log'!$A:$A,"<"&$J76+7)/COUNTIFS('Weekly Log'!$H:$H,"<>",'Weekly Log'!$A:$A,">="&$J76,'Weekly Log'!$A:$A,"<"&$J76+7),0)) | E76: =IF($J76="","",IFERROR(AVERAGEIFS('Weekly Log'!$F:$F,'Weekly Log'!$A:$A,">="&$J76,'Weekly Log'!$A:$A,"<"&$J76+7),0)) | F76: =IF($J76="","",IFERROR(SUMIFS('Weekly Log'!$F:$F,'Weekly Log'!$A:$A,">="&$J76,'Weekly Log'!$A:$A,"<"&$J76+7)/SUMIFS('Weekly Log'!$E:$E,'Weekly Log'!$A:$A,">="&$J76,'Weekly Log'!$A:$A,"<"&$J76+7),0)) | G76: =IF($J76="","",IFERROR(LOOKUP(2,1/(('Weekly Log'!$A$5:$A$5000>=$J76)*('Weekly Log'!$A$5:$A$5000<$J76+7)*('Weekly Log'!$M$5:$M$5000<>"")),'Weekly Log'!$M$5:$M$5000),0)) | J76: =IF(COUNT('Weekly Log'!$A$5:$A$5000)=0,"",IF(MIN('Weekly Log'!$A$5:$A$5000)+7*(ROW()-10)>MAX('Weekly Log'!$A$5:$A$5000),"",MIN('Weekly Log'!$A$5:$A$5000)+7*(ROW()-10)))
A77: =IF($J77="","",YEAR($J77-WEEKDAY($J77,2)+4)&"-W"&TEXT(WEEKNUM($J77,21),"00")) | B77: =IF($J77="","",SUMIFS('Weekly Log'!$C:$C,'Weekly Log'!$A:$A,">="&$J77,'Weekly Log'!$A:$A,"<"&$J77+7)) | C77: =IF($J77="","",IFERROR(COUNTIFS('Weekly Log'!$G:$G,"Y",'Weekly Log'!$A:$A,">="&$J77,'Weekly Log'!$A:$A,"<"&$J77+7)/COUNTIFS('Weekly Log'!$G:$G,"<>",'Weekly Log'!$A:$A,">="&$J77,'Weekly Log'!$A:$A,"<"&$J77+7),0)) | D77: =IF($J77="","",IFERROR(COUNTIFS('Weekly Log'!$H:$H,"Y",'Weekly Log'!$A:$A,">="&$J77,'Weekly Log'!$A:$A,"<"&$J77+7)/COUNTIFS('Weekly Log'!$H:$H,"<>",'Weekly Log'!$A:$A,">="&$J77,'Weekly Log'!$A:$A,"<"&$J77+7),0)) | E77: =IF($J77="","",IFERROR(AVERAGEIFS('Weekly Log'!$F:$F,'Weekly Log'!$A:$A,">="&$J77,'Weekly Log'!$A:$A,"<"&$J77+7),0)) | F77: =IF($J77="","",IFERROR(SUMIFS('Weekly Log'!$F:$F,'Weekly Log'!$A:$A,">="&$J77,'Weekly Log'!$A:$A,"<"&$J77+7)/SUMIFS('Weekly Log'!$E:$E,'Weekly Log'!$A:$A,">="&$J77,'Weekly Log'!$A:$A,"<"&$J77+7),0)) | G77: =IF($J77="","",IFERROR(LOOKUP(2,1/(('Weekly Log'!$A$5:$A$5000>=$J77)*('Weekly Log'!$A$5:$A$5000<$J77+7)*('Weekly Log'!$M$5:$M$5000<>"")),'Weekly Log'!$M$5:$M$5000),0)) | J77: =IF(COUNT('Weekly Log'!$A$5:$A$5000)=0,"",IF(MIN('Weekly Log'!$A$5:$A$5000)+7*(ROW()-10)>MAX('Weekly Log'!$A$5:$A$5000),"",MIN('Weekly Log'!$A$5:$A$5000)+7*(ROW()-10)))
A78: =IF($J78="","",YEAR($J78-WEEKDAY($J78,2)+4)&"-W"&TEXT(WEEKNUM($J78,21),"00")) | B78: =IF($J78="","",SUMIFS('Weekly Log'!$C:$C,'Weekly Log'!$A:$A,">="&$J78,'Weekly Log'!$A:$A,"<"&$J78+7)) | C78: =IF($J78="","",IFERROR(COUNTIFS('Weekly Log'!$G:$G,"Y",'Weekly Log'!$A:$A,">="&$J78,'Weekly Log'!$A:$A,"<"&$J78+7)/COUNTIFS('Weekly Log'!$G:$G,"<>",'Weekly Log'!$A:$A,">="&$J78,'Weekly Log'!$A:$A,"<"&$J78+7),0)) | D78: =IF($J78="","",IFERROR(COUNTIFS('Weekly Log'!$H:$H,"Y",'Weekly Log'!$A:$A,">="&$J78,'Weekly Log'!$A:$A,"<"&$J78+7)/COUNTIFS('Weekly Log'!$H:$H,"<>",'Weekly Log'!$A:$A,">="&$J78,'Weekly Log'!$A:$A,"<"&$J78+7),0)) | E78: =IF($J78="","",IFERROR(AVERAGEIFS('Weekly Log'!$F:$F,'Weekly Log'!$A:$A,">="&$J78,'Weekly Log'!$A:$A,"<"&$J78+7),0)) | F78: =IF($J78="","",IFERROR(SUMIFS('Weekly Log'!$F:$F,'Weekly Log'!$A:$A,">="&$J78,'Weekly Log'!$A:$A,"<"&$J78+7)/SUMIFS('Weekly Log'!$E:$E,'Weekly Log'!$A:$A,">="&$J78,'Weekly Log'!$A:$A,"<"&$J78+7),0)) | G78: =IF($J78="","",IFERROR(LOOKUP(2,1/(('Weekly Log'!$A$5:$A$5000>=$J78)*('Weekly Log'!$A$5:$A$5000<$J78+7)*('Weekly Log'!$M$5:$M$5000<>"")),'Weekly Log'!$M$5:$M$5000),0)) | H78: Seasonal demand spike | J78: =IF(COUNT('Weekly Log'!$A$5:$A$5000)=0,"",IF(MIN('Weekly Log'!$A$5:$A$5000)+7*(ROW()-10)>MAX('Weekly Log'!$A$5:$A$5000),"",MIN('Weekly Log'!$A$5:$A$5000)+7*(ROW()-10)))
A79: =IF($J79="","",YEAR($J79-WEEKDAY($J79,2)+4)&"-W"&TEXT(WEEKNUM($J79,21),"00")) | B79: =IF($J79="","",SUMIFS('Weekly Log'!$C:$C,'Weekly Log'!$A:$A,">="&$J79,'Weekly Log'!$A:$A,"<"&$J79+7)) | C79: =IF($J79="","",IFERROR(COUNTIFS('Weekly Log'!$G:$G,"Y",'Weekly Log'!$A:$A,">="&$J79,'Weekly Log'!$A:$A,"<"&$J79+7)/COUNTIFS('Weekly Log'!$G:$G,"<>",'Weekly Log'!$A:$A,">="&$J79,'Weekly Log'!$A:$A,"<"&$J79+7),0)) | D79: =IF($J79="","",IFERROR(COUNTIFS('Weekly Log'!$H:$H,"Y",'Weekly Log'!$A:$A,">="&$J79,'Weekly Log'!$A:$A,"<"&$J79+7)/COUNTIFS('Weekly Log'!$H:$H,"<>",'Weekly Log'!$A:$A,">="&$J79,'Weekly Log'!$A:$A,"<"&$J79+7),0)) | E79: =IF($J79="","",IFERROR(AVERAGEIFS('Weekly Log'!$F:$F,'Weekly Log'!$A:$A,">="&$J79,'Weekly Log'!$A:$A,"<"&$J79+7),0)) | F79: =IF($J79="","",IFERROR(SUMIFS('Weekly Log'!$F:$F,'Weekly Log'!$A:$A,">="&$J79,'Weekly Log'!$A:$A,"<"&$J79+7)/SUMIFS('Weekly Log'!$E:$E,'Weekly Log'!$A:$A,">="&$J79,'Weekly Log'!$A:$A,"<"&$J79+7),0)) | G79: =IF($J79="","",IFERROR(LOOKUP(2,1/(('Weekly Log'!$A$5:$A$5000>=$J79)*('Weekly Log'!$A$5:$A$5000<$J79+7)*('Weekly Log'!$M$5:$M$5000<>"")),'Weekly Log'!$M$5:$M$5000),0)) | J79: =IF(COUNT('Weekly Log'!$A$5:$A$5000)=0,"",IF(MIN('Weekly Log'!$A$5:$A$5000)+7*(ROW()-10)>MAX('Weekly Log'!$A$5:$A$5000),"",MIN('Weekly Log'!$A$5:$A$5000)+7*(ROW()-10)))
A80: =IF($J80="","",YEAR($J80-WEEKDAY($J80,2)+4)&"-W"&TEXT(WEEKNUM($J80,21),"00")) | B80: =IF($J80="","",SUMIFS('Weekly Log'!$C:$C,'Weekly Log'!$A:$A,">="&$J80,'Weekly Log'!$A:$A,"<"&$J80+7)) | C80: =IF($J80="","",IFERROR(COUNTIFS('Weekly Log'!$G:$G,"Y",'Weekly Log'!$A:$A,">="&$J80,'Weekly Log'!$A:$A,"<"&$J80+7)/COUNTIFS('Weekly Log'!$G:$G,"<>",'Weekly Log'!$A:$A,">="&$J80,'Weekly Log'!$A:$A,"<"&$J80+7),0)) | D80: =IF($J80="","",IFERROR(COUNTIFS('Weekly Log'!$H:$H,"Y",'Weekly Log'!$A:$A,">="&$J80,'Weekly Log'!$A:$A,"<"&$J80+7)/COUNTIFS('Weekly Log'!$H:$H,"<>",'Weekly Log'!$A:$A,">="&$J80,'Weekly Log'!$A:$A,"<"&$J80+7),0)) | E80: =IF($J80="","",IFERROR(AVERAGEIFS('Weekly Log'!$F:$F,'Weekly Log'!$A:$A,">="&$J80,'Weekly Log'!$A:$A,"<"&$J80+7),0)) | F80: =IF($J80="","",IFERROR(SUMIFS('Weekly Log'!$F:$F,'Weekly Log'!$A:$A,">="&$J80,'Weekly Log'!$A:$A,"<"&$J80+7)/SUMIFS('Weekly Log'!$E:$E,'Weekly Log'!$A:$A,">="&$J80,'Weekly Log'!$A:$A,"<"&$J80+7),0)) | G80: =IF($J80="","",IFERROR(LOOKUP(2,1/(('Weekly Log'!$A$5:$A$5000>=$J80)*('Weekly Log'!$A$5:$A$5000<$J80+7)*('Weekly Log'!$M$5:$M$5000<>"")),'Weekly Log'!$M$5:$M$5000),0)) | J80: =IF(COUNT('Weekly Log'!$A$5:$A$5000)=0,"",IF(MIN('Weekly Log'!$A$5:$A$5000)+7*(ROW()-10)>MAX('Weekly Log'!$A$5:$A$5000),"",MIN('Weekly Log'!$A$5:$A$5000)+7*(ROW()-10)))
A81: =IF($J81="","",YEAR($J81-WEEKDAY($J81,2)+4)&"-W"&TEXT(WEEKNUM($J81,21),"00")) | B81: =IF($J81="","",SUMIFS('Weekly Log'!$C:$C,'Weekly Log'!$A:$A,">="&$J81,'Weekly Log'!$A:$A,"<"&$J81+7)) | C81: =IF($J81="","",IFERROR(COUNTIFS('Weekly Log'!$G:$G,"Y",'Weekly Log'!$A:$A,">="&$J81,'Weekly Log'!$A:$A,"<"&$J81+7)/COUNTIFS('Weekly Log'!$G:$G,"<>",'Weekly Log'!$A:$A,">="&$J81,'Weekly Log'!$A:$A,"<"&$J81+7),0)) | D81: =IF($J81="","",IFERROR(COUNTIFS('Weekly Log'!$H:$H,"Y",'Weekly Log'!$A:$A,">="&$J81,'Weekly Log'!$A:$A,"<"&$J81+7)/COUNTIFS('Weekly Log'!$H:$H,"<>",'Weekly Log'!$A:$A,">="&$J81,'Weekly Log'!$A:$A,"<"&$J81+7),0)) | E81: =IF($J81="","",IFERROR(AVERAGEIFS('Weekly Log'!$F:$F,'Weekly Log'!$A:$A,">="&$J81,'Weekly Log'!$A:$A,"<"&$J81+7),0)) | F81: =IF($J81="","",IFERROR(SUMIFS('Weekly Log'!$F:$F,'Weekly Log'!$A:$A,">="&$J81,'Weekly Log'!$A:$A,"<"&$J81+7)/SUMIFS('Weekly Log'!$E:$E,'Weekly Log'!$A:$A,">="&$J81,'Weekly Log'!$A:$A,"<"&$J81+7),0)) | G81: =IF($J81="","",IFERROR(LOOKUP(2,1/(('Weekly Log'!$A$5:$A$5000>=$J81)*('Weekly Log'!$A$5:$A$5000<$J81+7)*('Weekly Log'!$M$5:$M$5000<>"")),'Weekly Log'!$M$5:$M$5000),0)) | J81: =IF(COUNT('Weekly Log'!$A$5:$A$5000)=0,"",IF(MIN('Weekly Log'!$A$5:$A$5000)+7*(ROW()-10)>MAX('Weekly Log'!$A$5:$A$5000),"",MIN('Weekly Log'!$A$5:$A$5000)+7*(ROW()-10)))
A82: =IF($J82="","",YEAR($J82-WEEKDAY($J82,2)+4)&"-W"&TEXT(WEEKNUM($J82,21),"00")) | B82: =IF($J82="","",SUMIFS('Weekly Log'!$C:$C,'Weekly Log'!$A:$A,">="&$J82,'Weekly Log'!$A:$A,"<"&$J82+7)) | C82: =IF($J82="","",IFERROR(COUNTIFS('Weekly Log'!$G:$G,"Y",'Weekly Log'!$A:$A,">="&$J82,'Weekly Log'!$A:$A,"<"&$J82+7)/COUNTIFS('Weekly Log'!$G:$G,"<>",'Weekly Log'!$A:$A,">="&$J82,'Weekly Log'!$A:$A,"<"&$J82+7),0)) | D82: =IF($J82="","",IFERROR(COUNTIFS('Weekly Log'!$H:$H,"Y",'Weekly Log'!$A:$A,">="&$J82,'Weekly Log'!$A:$A,"<"&$J82+7)/COUNTIFS('Weekly Log'!$H:$H,"<>",'Weekly Log'!$A:$A,">="&$J82,'Weekly Log'!$A:$A,"<"&$J82+7),0)) | E82: =IF($J82="","",IFERROR(AVERAGEIFS('Weekly Log'!$F:$F,'Weekly Log'!$A:$A,">="&$J82,'Weekly Log'!$A:$A,"<"&$J82+7),0)) | F82: =IF($J82="","",IFERROR(SUMIFS('Weekly Log'!$F:$F,'Weekly Log'!$A:$A,">="&$J82,'Weekly Log'!$A:$A,"<"&$J82+7)/SUMIFS('Weekly Log'!$E:$E,'Weekly Log'!$A:$A,">="&$J82,'Weekly Log'!$A:$A,"<"&$J82+7),0)) | G82: =IF($J82="","",IFERROR(LOOKUP(2,1/(('Weekly Log'!$A$5:$A$5000>=$J82)*('Weekly Log'!$A$5:$A$5000<$J82+7)*('Weekly Log'!$M$5:$M$5000<>"")),'Weekly Log'!$M$5:$M$5000),0)) | J82: =IF(COUNT('Weekly Log'!$A$5:$A$5000)=0,"",IF(MIN('Weekly Log'!$A$5:$A$5000)+7*(ROW()-10)>MAX('Weekly Log'!$A$5:$A$5000),"",MIN('Weekly Log'!$A$5:$A$5000)+7*(ROW()-10)))
A83: =IF($J83="","",YEAR($J83-WEEKDAY($J83,2)+4)&"-W"&TEXT(WEEKNUM($J83,21),"00")) | B83: =IF($J83="","",SUMIFS('Weekly Log'!$C:$C,'Weekly Log'!$A:$A,">="&$J83,'Weekly Log'!$A:$A,"<"&$J83+7)) | C83: =IF($J83="","",IFERROR(COUNTIFS('Weekly Log'!$G:$G,"Y",'Weekly Log'!$A:$A,">="&$J83,'Weekly Log'!$A:$A,"<"&$J83+7)/COUNTIFS('Weekly Log'!$G:$G,"<>",'Weekly Log'!$A:$A,">="&$J83,'Weekly Log'!$A:$A,"<"&$J83+7),0)) | D83: =IF($J83="","",IFERROR(COUNTIFS('Weekly Log'!$H:$H,"Y",'Weekly Log'!$A:$A,">="&$J83,'Weekly Log'!$A:$A,"<"&$J83+7)/COUNTIFS('Weekly Log'!$H:$H,"<>",'Weekly Log'!$A:$A,">="&$J83,'Weekly Log'!$A:$A,"<"&$J83+7),0)) | E83: =IF($J83="","",IFERROR(AVERAGEIFS('Weekly Log'!$F:$F,'Weekly Log'!$A:$A,">="&$J83,'Weekly Log'!$A:$A,"<"&$J83+7),0)) | F83: =IF($J83="","",IFERROR(SUMIFS('Weekly Log'!$F:$F,'Weekly Log'!$A:$A,">="&$J83,'Weekly Log'!$A:$A,"<"&$J83+7)/SUMIFS('Weekly Log'!$E:$E,'Weekly Log'!$A:$A,">="&$J83,'Weekly Log'!$A:$A,"<"&$J83+7),0)) | G83: =IF($J83="","",IFERROR(LOOKUP(2,1/(('Weekly Log'!$A$5:$A$5000>=$J83)*('Weekly Log'!$A$5:$A$5000<$J83+7)*('Weekly Log'!$M$5:$M$5000<>"")),'Weekly Log'!$M$5:$M$5000),0)) | J83: =IF(COUNT('Weekly Log'!$A$5:$A$5000)=0,"",IF(MIN('Weekly Log'!$A$5:$A$5000)+7*(ROW()-10)>MAX('Weekly Log'!$A$5:$A$5000),"",MIN('Weekly Log'!$A$5:$A$5000)+7*(ROW()-10)))
A84: =IF($J84="","",YEAR($J84-WEEKDAY($J84,2)+4)&"-W"&TEXT(WEEKNUM($J84,21),"00")) | B84: =IF($J84="","",SUMIFS('Weekly Log'!$C:$C,'Weekly Log'!$A:$A,">="&$J84,'Weekly Log'!$A:$A,"<"&$J84+7)) | C84: =IF($J84="","",IFERROR(COUNTIFS('Weekly Log'!$G:$G,"Y",'Weekly Log'!$A:$A,">="&$J84,'Weekly Log'!$A:$A,"<"&$J84+7)/COUNTIFS('Weekly Log'!$G:$G,"<>",'Weekly Log'!$A:$A,">="&$J84,'Weekly Log'!$A:$A,"<"&$J84+7),0)) | D84: =IF($J84="","",IFERROR(COUNTIFS('Weekly Log'!$H:$H,"Y",'Weekly Log'!$A:$A,">="&$J84,'Weekly Log'!$A:$A,"<"&$J84+7)/COUNTIFS('Weekly Log'!$H:$H,"<>",'Weekly Log'!$A:$A,">="&$J84,'Weekly Log'!$A:$A,"<"&$J84+7),0)) | E84: =IF($J84="","",IFERROR(AVERAGEIFS('Weekly Log'!$F:$F,'Weekly Log'!$A:$A,">="&$J84,'Weekly Log'!$A:$A,"<"&$J84+7),0)) | F84: =IF($J84="","",IFERROR(SUMIFS('Weekly Log'!$F:$F,'Weekly Log'!$A:$A,">="&$J84,'Weekly Log'!$A:$A,"<"&$J84+7)/SUMIFS('Weekly Log'!$E:$E,'Weekly Log'!$A:$A,">="&$J84,'Weekly Log'!$A:$A,"<"&$J84+7),0)) | G84: =IF($J84="","",IFERROR(LOOKUP(2,1/(('Weekly Log'!$A$5:$A$5000>=$J84)*('Weekly Log'!$A$5:$A$5000<$J84+7)*('Weekly Log'!$M$5:$M$5000<>"")),'Weekly Log'!$M$5:$M$5000),0)) | H84: Weather delays | J84: =IF(COUNT('Weekly Log'!$A$5:$A$5000)=0,"",IF(MIN('Weekly Log'!$A$5:$A$5000)+7*(ROW()-10)>MAX('Weekly Log'!$A$5:$A$5000),"",MIN('Weekly Log'!$A$5:$A$5000)+7*(ROW()-10)))
A85: =IF($J85="","",YEAR($J85-WEEKDAY($J85,2)+4)&"-W"&TEXT(WEEKNUM($J85,21),"00")) | B85: =IF($J85="","",SUMIFS('Weekly Log'!$C:$C,'Weekly Log'!$A:$A,">="&$J85,'Weekly Log'!$A:$A,"<"&$J85+7)) | C85: =IF($J85="","",IFERROR(COUNTIFS('Weekly Log'!$G:$G,"Y",'Weekly Log'!$A:$A,">="&$J85,'Weekly Log'!$A:$A,"<"&$J85+7)/COUNTIFS('Weekly Log'!$G:$G,"<>",'Weekly Log'!$A:$A,">="&$J85,'Weekly Log'!$A:$A,"<"&$J85+7),0)) | D85: =IF($J85="","",IFERROR(COUNTIFS('Weekly Log'!$H:$H,"Y",'Weekly Log'!$A:$A,">="&$J85,'Weekly Log'!$A:$A,"<"&$J85+7)/COUNTIFS('Weekly Log'!$H:$H,"<>",'Weekly Log'!$A:$A,">="&$J85,'Weekly Log'!$A:$A,"<"&$J85+7),0)) | E85: =IF($J85="","",IFERROR(AVERAGEIFS('Weekly Log'!$F:$F,'Weekly Log'!$A:$A,">="&$J85,'Weekly Log'!$A:$A,"<"&$J85+7),0)) | F85: =IF($J85="","",IFERROR(SUMIFS('Weekly Log'!$F:$F,'Weekly Log'!$A:$A,">="&$J85,'Weekly Log'!$A:$A,"<"&$J85+7)/SUMIFS('Weekly Log'!$E:$E,'Weekly Log'!$A:$A,">="&$J85,'Weekly Log'!$A:$A,"<"&$J85+7),0)) | G85: =IF($J85="","",IFERROR(LOOKUP(2,1/(('Weekly Log'!$A$5:$A$5000>=$J85)*('Weekly Log'!$A$5:$A$5000<$J85+7)*('Weekly Log'!$M$5:$M$5000<>"")),'Weekly Log'!$M$5:$M$5000),0)) | J85: =IF(COUNT('Weekly Log'!$A$5:$A$5000)=0,"",IF(MIN('Weekly Log'!$A$5:$A$5000)+7*(ROW()-10)>MAX('Weekly Log'!$A$5:$A$5000),"",MIN('Weekly Log'!$A$5:$A$5000)+7*(ROW()-10)))
A86: =IF($J86="","",YEAR($J86-WEEKDAY($J86,2)+4)&"-W"&TEXT(WEEKNUM($J86,21),"00")) | B86: =IF($J86="","",SUMIFS('Weekly Log'!$C:$C,'Weekly Log'!$A:$A,">="&$J86,'Weekly Log'!$A:$A,"<"&$J86+7)) | C86: =IF($J86="","",IFERROR(COUNTIFS('Weekly Log'!$G:$G,"Y",'Weekly Log'!$A:$A,">="&$J86,'Weekly Log'!$A:$A,"<"&$J86+7)/COUNTIFS('Weekly Log'!$G:$G,"<>",'Weekly Log'!$A:$A,">="&$J86,'Weekly Log'!$A:$A,"<"&$J86+7),0)) | D86: =IF($J86="","",IFERROR(COUNTIFS('Weekly Log'!$H:$H,"Y",'Weekly Log'!$A:$A,">="&$J86,'Weekly Log'!$A:$A,"<"&$J86+7)/COUNTIFS('Weekly Log'!$H:$H,"<>",'Weekly Log'!$A:$A,">="&$J86,'Weekly Log'!$A:$A,"<"&$J86+7),0)) | E86: =IF($J86="","",IFERROR(AVERAGEIFS('Weekly Log'!$F:$F,'Weekly Log'!$A:$A,">="&$J86,'Weekly Log'!$A:$A,"<"&$J86+7),0)) | F86: =IF($J86="","",IFERROR(SUMIFS('Weekly Log'!$F:$F,'Weekly Log'!$A:$A,">="&$J86,'Weekly Log'!$A:$A,"<"&$J86+7)/SUMIFS('Weekly Log'!$E:$E,'Weekly Log'!$A:$A,">="&$J86,'Weekly Log'!$A:$A,"<"&$J86+7),0)) | G86: =IF($J86="","",IFERROR(LOOKUP(2,1/(('Weekly Log'!$A$5:$A$5000>=$J86)*('Weekly Log'!$A$5:$A$5000<$J86+7)*('Weekly Log'!$M$5:$M$5000<>"")),'Weekly Log'!$M$5:$M$5000),0)) | J86: =IF(COUNT('Weekly Log'!$A$5:$A$5000)=0,"",IF(MIN('Weekly Log'!$A$5:$A$5000)+7*(ROW()-10)>MAX('Weekly Log'!$A$5:$A$5000),"",MIN('Weekly Log'!$A$5:$A$5000)+7*(ROW()-10)))
A87: =IF($J87="","",YEAR($J87-WEEKDAY($J87,2)+4)&"-W"&TEXT(WEEKNUM($J87,21),"00")) | B87: =IF($J87="","",SUMIFS('Weekly Log'!$C:$C,'Weekly Log'!$A:$A,">="&$J87,'Weekly Log'!$A:$A,"<"&$J87+7)) | C87: =IF($J87="","",IFERROR(COUNTIFS('Weekly Log'!$G:$G,"Y",'Weekly Log'!$A:$A,">="&$J87,'Weekly Log'!$A:$A,"<"&$J87+7)/COUNTIFS('Weekly Log'!$G:$G,"<>",'Weekly Log'!$A:$A,">="&$J87,'Weekly Log'!$A:$A,"<"&$J87+7),0)) | D87: =IF($J87="","",IFERROR(COUNTIFS('Weekly Log'!$H:$H,"Y",'Weekly Log'!$A:$A,">="&$J87,'Weekly Log'!$A:$A,"<"&$J87+7)/COUNTIFS('Weekly Log'!$H:$H,"<>",'Weekly Log'!$A:$A,">="&$J87,'Weekly Log'!$A:$A,"<"&$J87+7),0)) | E87: =IF($J87="","",IFERROR(AVERAGEIFS('Weekly Log'!$F:$F,'Weekly Log'!$A:$A,">="&$J87,'Weekly Log'!$A:$A,"<"&$J87+7),0)) | F87: =IF($J87="","",IFERROR(SUMIFS('Weekly Log'!$F:$F,'Weekly Log'!$A:$A,">="&$J87,'Weekly Log'!$A:$A,"<"&$J87+7)/SUMIFS('Weekly Log'!$E:$E,'Weekly Log'!$A:$A,">="&$J87,'Weekly Log'!$A:$A,"<"&$J87+7),0)) | G87: =IF($J87="","",IFERROR(LOOKUP(2,1/(('Weekly Log'!$A$5:$A$5000>=$J87)*('Weekly Log'!$A$5:$A$5000<$J87+7)*('Weekly Log'!$M$5:$M$5000<>"")),'Weekly Log'!$M$5:$M$5000),0)) | J87: =IF(COUNT('Weekly Log'!$A$5:$A$5000)=0,"",IF(MIN('Weekly Log'!$A$5:$A$5000)+7*(ROW()-10)>MAX('Weekly Log'!$A$5:$A$5000),"",MIN('Weekly Log'!$A$5:$A$5000)+7*(ROW()-10)))
A88: =IF($J88="","",YEAR($J88-WEEKDAY($J88,2)+4)&"-W"&TEXT(WEEKNUM($J88,21),"00")) | B88: =IF($J88="","",SUMIFS('Weekly Log'!$C:$C,'Weekly Log'!$A:$A,">="&$J88,'Weekly Log'!$A:$A,"<"&$J88+7)) | C88: =IF($J88="","",IFERROR(COUNTIFS('Weekly Log'!$G:$G,"Y",'Weekly Log'!$A:$A,">="&$J88,'Weekly Log'!$A:$A,"<"&$J88+7)/COUNTIFS('Weekly Log'!$G:$G,"<>",'Weekly Log'!$A:$A,">="&$J88,'Weekly Log'!$A:$A,"<"&$J88+7),0)) | D88: =IF($J88="","",IFERROR(COUNTIFS('Weekly Log'!$H:$H,"Y",'Weekly Log'!$A:$A,">="&$J88,'Weekly Log'!$A:$A,"<"&$J88+7)/COUNTIFS('Weekly Log'!$H:$H,"<>",'Weekly Log'!$A:$A,">="&$J88,'Weekly Log'!$A:$A,"<"&$J88+7),0)) | E88: =IF($J88="","",IFERROR(AVERAGEIFS('Weekly Log'!$F:$F,'Weekly Log'!$A:$A,">="&$J88,'Weekly Log'!$A:$A,"<"&$J88+7),0)) | F88: =IF($J88="","",IFERROR(SUMIFS('Weekly Log'!$F:$F,'Weekly Log'!$A:$A,">="&$J88,'Weekly Log'!$A:$A,"<"&$J88+7)/SUMIFS('Weekly Log'!$E:$E,'Weekly Log'!$A:$A,">="&$J88,'Weekly Log'!$A:$A,"<"&$J88+7),0)) | G88: =IF($J88="","",IFERROR(LOOKUP(2,1/(('Weekly Log'!$A$5:$A$5000>=$J88)*('Weekly Log'!$A$5:$A$5000<$J88+7)*('Weekly Log'!$M$5:$M$5000<>"")),'Weekly Log'!$M$5:$M$5000),0)) | J88: =IF(COUNT('Weekly Log'!$A$5:$A$5000)=0,"",IF(MIN('Weekly Log'!$A$5:$A$5000)+7*(ROW()-10)>MAX('Weekly Log'!$A$5:$A$5000),"",MIN('Weekly Log'!$A$5:$A$5000)+7*(ROW()-10)))
A89: =IF($J89="","",YEAR($J89-WEEKDAY($J89,2)+4)&"-W"&TEXT(WEEKNUM($J89,21),"00")) | B89: =IF($J89="","",SUMIFS('Weekly Log'!$C:$C,'Weekly Log'!$A:$A,">="&$J89,'Weekly Log'!$A:$A,"<"&$J89+7)) | C89: =IF($J89="","",IFERROR(COUNTIFS('Weekly Log'!$G:$G,"Y",'Weekly Log'!$A:$A,">="&$J89,'Weekly Log'!$A:$A,"<"&$J89+7)/COUNTIFS('Weekly Log'!$G:$G,"<>",'Weekly Log'!$A:$A,">="&$J89,'Weekly Log'!$A:$A,"<"&$J89+7),0)) | D89: =IF($J89="","",IFERROR(COUNTIFS('Weekly Log'!$H:$H,"Y",'Weekly Log'!$A:$A,">="&$J89,'Weekly Log'!$A:$A,"<"&$J89+7)/COUNTIFS('Weekly Log'!$H:$H,"<>",'Weekly Log'!$A:$A,">="&$J89,'Weekly Log'!$A:$A,"<"&$J89+7),0)) | E89: =IF($J89="","",IFERROR(AVERAGEIFS('Weekly Log'!$F:$F,'Weekly Log'!$A:$A,">="&$J89,'Weekly Log'!$A:$A,"<"&$J89+7),0)) | F89: =IF($J89="","",IFERROR(SUMIFS('Weekly Log'!$F:$F,'Weekly Log'!$A:$A,">="&$J89,'Weekly Log'!$A:$A,"<"&$J89+7)/SUMIFS('Weekly Log'!$E:$E,'Weekly Log'!$A:$A,">="&$J89,'Weekly Log'!$A:$A,"<"&$J89+7),0)) | G89: =IF($J89="","",IFERROR(LOOKUP(2,1/(('Weekly Log'!$A$5:$A$5000>=$J89)*('Weekly Log'!$A$5:$A$5000<$J89+7)*('Weekly Log'!$M$5:$M$5000<>"")),'Weekly Log'!$M$5:$M$5000),0)) | J89: =IF(COUNT('Weekly Log'!$A$5:$A$5000)=0,"",IF(MIN('Weekly Log'!$A$5:$A$5000)+7*(ROW()-10)>MAX('Weekly Log'!$A$5:$A$5000),"",MIN('Weekly Log'!$A$5:$A$5000)+7*(ROW()-10)))
A90: =IF($J90="","",YEAR($J90-WEEKDAY($J90,2)+4)&"-W"&TEXT(WEEKNUM($J90,21),"00")) | B90: =IF($J90="","",SUMIFS('Weekly Log'!$C:$C,'Weekly Log'!$A:$A,">="&$J90,'Weekly Log'!$A:$A,"<"&$J90+7)) | C90: =IF($J90="","",IFERROR(COUNTIFS('Weekly Log'!$G:$G,"Y",'Weekly Log'!$A:$A,">="&$J90,'Weekly Log'!$A:$A,"<"&$J90+7)/COUNTIFS('Weekly Log'!$G:$G,"<>",'Weekly Log'!$A:$A,">="&$J90,'Weekly Log'!$A:$A,"<"&$J90+7),0)) | D90: =IF($J90="","",IFERROR(COUNTIFS('Weekly Log'!$H:$H,"Y",'Weekly Log'!$A:$A,">="&$J90,'Weekly Log'!$A:$A,"<"&$J90+7)/COUNTIFS('Weekly Log'!$H:$H,"<>",'Weekly Log'!$A:$A,">="&$J90,'Weekly Log'!$A:$A,"<"&$J90+7),0)) | E90: =IF($J90="","",IFERROR(AVERAGEIFS('Weekly Log'!$F:$F,'Weekly Log'!$A:$A,">="&$J90,'Weekly Log'!$A:$A,"<"&$J90+7),0)) | F90: =IF($J90="","",IFERROR(SUMIFS('Weekly Log'!$F:$F,'Weekly Log'!$A:$A,">="&$J90,'Weekly Log'!$A:$A,"<"&$J90+7)/SUMIFS('Weekly Log'!$E:$E,'Weekly Log'!$A:$A,">="&$J90,'Weekly Log'!$A:$A,"<"&$J90+7),0)) | G90: =IF($J90="","",IFERROR(LOOKUP(2,1/(('Weekly Log'!$A$5:$A$5000>=$J90)*('Weekly Log'!$A$5:$A$5000<$J90+7)*('Weekly Log'!$M$5:$M$5000<>"")),'Weekly Log'!$M$5:$M$5000),0)) | H90: Seasonal demand spike | J90: =IF(COUNT('Weekly Log'!$A$5:$A$5000)=0,"",IF(MIN('Weekly Log'!$A$5:$A$5000)+7*(ROW()-10)>MAX('Weekly Log'!$A$5:$A$5000),"",MIN('Weekly Log'!$A$5:$A$5000)+7*(ROW()-10)))
A91: =IF($J91="","",YEAR($J91-WEEKDAY($J91,2)+4)&"-W"&TEXT(WEEKNUM($J91,21),"00")) | B91: =IF($J91="","",SUMIFS('Weekly Log'!$C:$C,'Weekly Log'!$A:$A,">="&$J91,'Weekly Log'!$A:$A,"<"&$J91+7)) | C91: =IF($J91="","",IFERROR(COUNTIFS('Weekly Log'!$G:$G,"Y",'Weekly Log'!$A:$A,">="&$J91,'Weekly Log'!$A:$A,"<"&$J91+7)/COUNTIFS('Weekly Log'!$G:$G,"<>",'Weekly Log'!$A:$A,">="&$J91,'Weekly Log'!$A:$A,"<"&$J91+7),0)) | D91: =IF($J91="","",IFERROR(COUNTIFS('Weekly Log'!$H:$H,"Y",'Weekly Log'!$A:$A,">="&$J91,'Weekly Log'!$A:$A,"<"&$J91+7)/COUNTIFS('Weekly Log'!$H:$H,"<>",'Weekly Log'!$A:$A,">="&$J91,'Weekly Log'!$A:$A,"<"&$J91+7),0)) | E91: =IF($J91="","",IFERROR(AVERAGEIFS('Weekly Log'!$F:$F,'Weekly Log'!$A:$A,">="&$J91,'Weekly Log'!$A:$A,"<"&$J91+7),0)) | F91: =IF($J91="","",IFERROR(SUMIFS('Weekly Log'!$F:$F,'Weekly Log'!$A:$A,">="&$J91,'Weekly Log'!$A:$A,"<"&$J91+7)/SUMIFS('Weekly Log'!$E:$E,'Weekly Log'!$A:$A,">="&$J91,'Weekly Log'!$A:$A,"<"&$J91+7),0)) | G91: =IF($J91="","",IFERROR(LOOKUP(2,1/(('Weekly Log'!$A$5:$A$5000>=$J91)*('Weekly Log'!$A$5:$A$5000<$J91+7)*('Weekly Log'!$M$5:$M$5000<>"")),'Weekly Log'!$M$5:$M$5000),0)) | J91: =IF(COUNT('Weekly Log'!$A$5:$A$5000)=0,"",IF(MIN('Weekly Log'!$A$5:$A$5000)+7*(ROW()-10)>MAX('Weekly Log'!$A$5:$A$5000),"",MIN('Weekly Log'!$A$5:$A$5000)+7*(ROW()-10)))
A92: =IF($J92="","",YEAR($J92-WEEKDAY($J92,2)+4)&"-W"&TEXT(WEEKNUM($J92,21),"00")) | B92: =IF($J92="","",SUMIFS('Weekly Log'!$C:$C,'Weekly Log'!$A:$A,">="&$J92,'Weekly Log'!$A:$A,"<"&$J92+7)) | C92: =IF($J92="","",IFERROR(COUNTIFS('Weekly Log'!$G:$G,"Y",'Weekly Log'!$A:$A,">="&$J92,'Weekly Log'!$A:$A,"<"&$J92+7)/COUNTIFS('Weekly Log'!$G:$G,"<>",'Weekly Log'!$A:$A,">="&$J92,'Weekly Log'!$A:$A,"<"&$J92+7),0)) | D92: =IF($J92="","",IFERROR(COUNTIFS('Weekly Log'!$H:$H,"Y",'Weekly Log'!$A:$A,">="&$J92,'Weekly Log'!$A:$A,"<"&$J92+7)/COUNTIFS('Weekly Log'!$H:$H,"<>",'Weekly Log'!$A:$A,">="&$J92,'Weekly Log'!$A:$A,"<"&$J92+7),0)) | E92: =IF($J92="","",IFERROR(AVERAGEIFS('Weekly Log'!$F:$F,'Weekly Log'!$A:$A,">="&$J92,'Weekly Log'!$A:$A,"<"&$J92+7),0)) | F92: =IF($J92="","",IFERROR(SUMIFS('Weekly Log'!$F:$F,'Weekly Log'!$A:$A,">="&$J92,'Weekly Log'!$A:$A,"<"&$J92+7)/SUMIFS('Weekly Log'!$E:$E,'Weekly Log'!$A:$A,">="&$J92,'Weekly Log'!$A:$A,"<"&$J92+7),0)) | G92: =IF($J92="","",IFERROR(LOOKUP(2,1/(('Weekly Log'!$A$5:$A$5000>=$J92)*('Weekly Log'!$A$5:$A$5000<$J92+7)*('Weekly Log'!$M$5:$M$5000<>"")),'Weekly Log'!$M$5:$M$5000),0)) | J92: =IF(COUNT('Weekly Log'!$A$5:$A$5000)=0,"",IF(MIN('Weekly Log'!$A$5:$A$5000)+7*(ROW()-10)>MAX('Weekly Log'!$A$5:$A$5000),"",MIN('Weekly Log'!$A$5:$A$5000)+7*(ROW()-10)))
A93: =IF($J93="","",YEAR($J93-WEEKDAY($J93,2)+4)&"-W"&TEXT(WEEKNUM($J93,21),"00")) | B93: =IF($J93="","",SUMIFS('Weekly Log'!$C:$C,'Weekly Log'!$A:$A,">="&$J93,'Weekly Log'!$A:$A,"<"&$J93+7)) | C93: =IF($J93="","",IFERROR(COUNTIFS('Weekly Log'!$G:$G,"Y",'Weekly Log'!$A:$A,">="&$J93,'Weekly Log'!$A:$A,"<"&$J93+7)/COUNTIFS('Weekly Log'!$G:$G,"<>",'Weekly Log'!$A:$A,">="&$J93,'Weekly Log'!$A:$A,"<"&$J93+7),0)) | D93: =IF($J93="","",IFERROR(COUNTIFS('Weekly Log'!$H:$H,"Y",'Weekly Log'!$A:$A,">="&$J93,'Weekly Log'!$A:$A,"<"&$J93+7)/COUNTIFS('Weekly Log'!$H:$H,"<>",'Weekly Log'!$A:$A,">="&$J93,'Weekly Log'!$A:$A,"<"&$J93+7),0)) | E93: =IF($J93="","",IFERROR(AVERAGEIFS('Weekly Log'!$F:$F,'Weekly Log'!$A:$A,">="&$J93,'Weekly Log'!$A:$A,"<"&$J93+7),0)) | F93: =IF($J93="","",IFERROR(SUMIFS('Weekly Log'!$F:$F,'Weekly Log'!$A:$A,">="&$J93,'Weekly Log'!$A:$A,"<"&$J93+7)/SUMIFS('Weekly Log'!$E:$E,'Weekly Log'!$A:$A,">="&$J93,'Weekly Log'!$A:$A,"<"&$J93+7),0)) | G93: =IF($J93="","",IFERROR(LOOKUP(2,1/(('Weekly Log'!$A$5:$A$5000>=$J93)*('Weekly Log'!$A$5:$A$5000<$J93+7)*('Weekly Log'!$M$5:$M$5000<>"")),'Weekly Log'!$M$5:$M$5000),0)) | J93: =IF(COUNT('Weekly Log'!$A$5:$A$5000)=0,"",IF(MIN('Weekly Log'!$A$5:$A$5000)+7*(ROW()-10)>MAX('Weekly Log'!$A$5:$A$5000),"",MIN('Weekly Log'!$A$5:$A$5000)+7*(ROW()-10)))
A94: =IF($J94="","",YEAR($J94-WEEKDAY($J94,2)+4)&"-W"&TEXT(WEEKNUM($J94,21),"00")) | B94: =IF($J94="","",SUMIFS('Weekly Log'!$C:$C,'Weekly Log'!$A:$A,">="&$J94,'Weekly Log'!$A:$A,"<"&$J94+7)) | C94: =IF($J94="","",IFERROR(COUNTIFS('Weekly Log'!$G:$G,"Y",'Weekly Log'!$A:$A,">="&$J94,'Weekly Log'!$A:$A,"<"&$J94+7)/COUNTIFS('Weekly Log'!$G:$G,"<>",'Weekly Log'!$A:$A,">="&$J94,'Weekly Log'!$A:$A,"<"&$J94+7),0)) | D94: =IF($J94="","",IFERROR(COUNTIFS('Weekly Log'!$H:$H,"Y",'Weekly Log'!$A:$A,">="&$J94,'Weekly Log'!$A:$A,"<"&$J94+7)/COUNTIFS('Weekly Log'!$H:$H,"<>",'Weekly Log'!$A:$A,">="&$J94,'Weekly Log'!$A:$A,"<"&$J94+7),0)) | E94: =IF($J94="","",IFERROR(AVERAGEIFS('Weekly Log'!$F:$F,'Weekly Log'!$A:$A,">="&$J94,'Weekly Log'!$A:$A,"<"&$J94+7),0)) | F94: =IF($J94="","",IFERROR(SUMIFS('Weekly Log'!$F:$F,'Weekly Log'!$A:$A,">="&$J94,'Weekly Log'!$A:$A,"<"&$J94+7)/SUMIFS('Weekly Log'!$E:$E,'Weekly Log'!$A:$A,">="&$J94,'Weekly Log'!$A:$A,"<"&$J94+7),0)) | G94: =IF($J94="","",IFERROR(LOOKUP(2,1/(('Weekly Log'!$A$5:$A$5000>=$J94)*('Weekly Log'!$A$5:$A$5000<$J94+7)*('Weekly Log'!$M$5:$M$5000<>"")),'Weekly Log'!$M$5:$M$5000),0)) | J94: =IF(COUNT('Weekly Log'!$A$5:$A$5000)=0,"",IF(MIN('Weekly Log'!$A$5:$A$5000)+7*(ROW()-10)>MAX('Weekly Log'!$A$5:$A$5000),"",MIN('Weekly Log'!$A$5:$A$5000)+7*(ROW()-10)))
A95: =IF($J95="","",YEAR($J95-WEEKDAY($J95,2)+4)&"-W"&TEXT(WEEKNUM($J95,21),"00")) | B95: =IF($J95="","",SUMIFS('Weekly Log'!$C:$C,'Weekly Log'!$A:$A,">="&$J95,'Weekly Log'!$A:$A,"<"&$J95+7)) | C95: =IF($J95="","",IFERROR(COUNTIFS('Weekly Log'!$G:$G,"Y",'Weekly Log'!$A:$A,">="&$J95,'Weekly Log'!$A:$A,"<"&$J95+7)/COUNTIFS('Weekly Log'!$G:$G,"<>",'Weekly Log'!$A:$A,">="&$J95,'Weekly Log'!$A:$A,"<"&$J95+7),0)) | D95: =IF($J95="","",IFERROR(COUNTIFS('Weekly Log'!$H:$H,"Y",'Weekly Log'!$A:$A,">="&$J95,'Weekly Log'!$A:$A,"<"&$J95+7)/COUNTIFS('Weekly Log'!$H:$H,"<>",'Weekly Log'!$A:$A,">="&$J95,'Weekly Log'!$A:$A,"<"&$J95+7),0)) | E95: =IF($J95="","",IFERROR(AVERAGEIFS('Weekly Log'!$F:$F,'Weekly Log'!$A:$A,">="&$J95,'Weekly Log'!$A:$A,"<"&$J95+7),0)) | F95: =IF($J95="","",IFERROR(SUMIFS('Weekly Log'!$F:$F,'Weekly Log'!$A:$A,">="&$J95,'Weekly Log'!$A:$A,"<"&$J95+7)/SUMIFS('Weekly Log'!$E:$E,'Weekly Log'!$A:$A,">="&$J95,'Weekly Log'!$A:$A,"<"&$J95+7),0)) | G95: =IF($J95="","",IFERROR(LOOKUP(2,1/(('Weekly Log'!$A$5:$A$5000>=$J95)*('Weekly Log'!$A$5:$A$5000<$J95+7)*('Weekly Log'!$M$5:$M$5000<>"")),'Weekly Log'!$M$5:$M$5000),0)) | J95: =IF(COUNT('Weekly Log'!$A$5:$A$5000)=0,"",IF(MIN('Weekly Log'!$A$5:$A$5000)+7*(ROW()-10)>MAX('Weekly Log'!$A$5:$A$5000),"",MIN('Weekly Log'!$A$5:$A$5000)+7*(ROW()-10)))
A96: =IF($J96="","",YEAR($J96-WEEKDAY($J96,2)+4)&"-W"&TEXT(WEEKNUM($J96,21),"00")) | B96: =IF($J96="","",SUMIFS('Weekly Log'!$C:$C,'Weekly Log'!$A:$A,">="&$J96,'Weekly Log'!$A:$A,"<"&$J96+7)) | C96: =IF($J96="","",IFERROR(COUNTIFS('Weekly Log'!$G:$G,"Y",'Weekly Log'!$A:$A,">="&$J96,'Weekly Log'!$A:$A,"<"&$J96+7)/COUNTIFS('Weekly Log'!$G:$G,"<>",'Weekly Log'!$A:$A,">="&$J96,'Weekly Log'!$A:$A,"<"&$J96+7),0)) | D96: =IF($J96="","",IFERROR(COUNTIFS('Weekly Log'!$H:$H,"Y",'Weekly Log'!$A:$A,">="&$J96,'Weekly Log'!$A:$A,"<"&$J96+7)/COUNTIFS('Weekly Log'!$H:$H,"<>",'Weekly Log'!$A:$A,">="&$J96,'Weekly Log'!$A:$A,"<"&$J96+7),0)) | E96: =IF($J96="","",IFERROR(AVERAGEIFS('Weekly Log'!$F:$F,'Weekly Log'!$A:$A,">="&$J96,'Weekly Log'!$A:$A,"<"&$J96+7),0)) | F96: =IF($J96="","",IFERROR(SUMIFS('Weekly Log'!$F:$F,'Weekly Log'!$A:$A,">="&$J96,'Weekly Log'!$A:$A,"<"&$J96+7)/SUMIFS('Weekly Log'!$E:$E,'Weekly Log'!$A:$A,">="&$J96,'Weekly Log'!$A:$A,"<"&$J96+7),0)) | G96: =IF($J96="","",IFERROR(LOOKUP(2,1/(('Weekly Log'!$A$5:$A$5000>=$J96)*('Weekly Log'!$A$5:$A$5000<$J96+7)*('Weekly Log'!$M$5:$M$5000<>"")),'Weekly Log'!$M$5:$M$5000),0)) | J96: =IF(COUNT('Weekly Log'!$A$5:$A$5000)=0,"",IF(MIN('Weekly Log'!$A$5:$A$5000)+7*(ROW()-10)>MAX('Weekly Log'!$A$5:$A$5000),"",MIN('Weekly Log'!$A$5:$A$5000)+7*(ROW()-10)))
A97: =IF($J97="","",YEAR($J97-WEEKDAY($J97,2)+4)&"-W"&TEXT(WEEKNUM($J97,21),"00")) | B97: =IF($J97="","",SUMIFS('Weekly Log'!$C:$C,'Weekly Log'!$A:$A,">="&$J97,'Weekly Log'!$A:$A,"<"&$J97+7)) | C97: =IF($J97="","",IFERROR(COUNTIFS('Weekly Log'!$G:$G,"Y",'Weekly Log'!$A:$A,">="&$J97,'Weekly Log'!$A:$A,"<"&$J97+7)/COUNTIFS('Weekly Log'!$G:$G,"<>",'Weekly Log'!$A:$A,">="&$J97,'Weekly Log'!$A:$A,"<"&$J97+7),0)) | D97: =IF($J97="","",IFERROR(COUNTIFS('Weekly Log'!$H:$H,"Y",'Weekly Log'!$A:$A,">="&$J97,'Weekly Log'!$A:$A,"<"&$J97+7)/COUNTIFS('Weekly Log'!$H:$H,"<>",'Weekly Log'!$A:$A,">="&$J97,'Weekly Log'!$A:$A,"<"&$J97+7),0)) | E97: =IF($J97="","",IFERROR(AVERAGEIFS('Weekly Log'!$F:$F,'Weekly Log'!$A:$A,">="&$J97,'Weekly Log'!$A:$A,"<"&$J97+7),0)) | F97: =IF($J97="","",IFERROR(SUMIFS('Weekly Log'!$F:$F,'Weekly Log'!$A:$A,">="&$J97,'Weekly Log'!$A:$A,"<"&$J97+7)/SUMIFS('Weekly Log'!$E:$E,'Weekly Log'!$A:$A,">="&$J97,'Weekly Log'!$A:$A,"<"&$J97+7),0)) | G97: =IF($J97="","",IFERROR(LOOKUP(2,1/(('Weekly Log'!$A$5:$A$5000>=$J97)*('Weekly Log'!$A$5:$A$5000<$J97+7)*('Weekly Log'!$M$5:$M$5000<>"")),'Weekly Log'!$M$5:$M$5000),0)) | J97: =IF(COUNT('Weekly Log'!$A$5:$A$5000)=0,"",IF(MIN('Weekly Log'!$A$5:$A$5000)+7*(ROW()-10)>MAX('Weekly Log'!$A$5:$A$5000),"",MIN('Weekly Log'!$A$5:$A$5000)+7*(ROW()-10)))
A98: =IF($J98="","",YEAR($J98-WEEKDAY($J98,2)+4)&"-W"&TEXT(WEEKNUM($J98,21),"00")) | B98: =IF($J98="","",SUMIFS('Weekly Log'!$C:$C,'Weekly Log'!$A:$A,">="&$J98,'Weekly Log'!$A:$A,"<"&$J98+7)) | C98: =IF($J98="","",IFERROR(COUNTIFS('Weekly Log'!$G:$G,"Y",'Weekly Log'!$A:$A,">="&$J98,'Weekly Log'!$A:$A,"<"&$J98+7)/COUNTIFS('Weekly Log'!$G:$G,"<>",'Weekly Log'!$A:$A,">="&$J98,'Weekly Log'!$A:$A,"<"&$J98+7),0)) | D98: =IF($J98="","",IFERROR(COUNTIFS('Weekly Log'!$H:$H,"Y",'Weekly Log'!$A:$A,">="&$J98,'Weekly Log'!$A:$A,"<"&$J98+7)/COUNTIFS('Weekly Log'!$H:$H,"<>",'Weekly Log'!$A:$A,">="&$J98,'Weekly Log'!$A:$A,"<"&$J98+7),0)) | E98: =IF($J98="","",IFERROR(AVERAGEIFS('Weekly Log'!$F:$F,'Weekly Log'!$A:$A,">="&$J98,'Weekly Log'!$A:$A,"<"&$J98+7),0)) | F98: =IF($J98="","",IFERROR(SUMIFS('Weekly Log'!$F:$F,'Weekly Log'!$A:$A,">="&$J98,'Weekly Log'!$A:$A,"<"&$J98+7)/SUMIFS('Weekly Log'!$E:$E,'Weekly Log'!$A:$A,">="&$J98,'Weekly Log'!$A:$A,"<"&$J98+7),0)) | G98: =IF($J98="","",IFERROR(LOOKUP(2,1/(('Weekly Log'!$A$5:$A$5000>=$J98)*('Weekly Log'!$A$5:$A$5000<$J98+7)*('Weekly Log'!$M$5:$M$5000<>"")),'Weekly Log'!$M$5:$M$5000),0)) | J98: =IF(COUNT('Weekly Log'!$A$5:$A$5000)=0,"",IF(MIN('Weekly Log'!$A$5:$A$5000)+7*(ROW()-10)>MAX('Weekly Log'!$A$5:$A$5000),"",MIN('Weekly Log'!$A$5:$A$5000)+7*(ROW()-10)))
A99: =IF($J99="","",YEAR($J99-WEEKDAY($J99,2)+4)&"-W"&TEXT(WEEKNUM($J99,21),"00")) | B99: =IF($J99="","",SUMIFS('Weekly Log'!$C:$C,'Weekly Log'!$A:$A,">="&$J99,'Weekly Log'!$A:$A,"<"&$J99+7)) | C99: =IF($J99="","",IFERROR(COUNTIFS('Weekly Log'!$G:$G,"Y",'Weekly Log'!$A:$A,">="&$J99,'Weekly Log'!$A:$A,"<"&$J99+7)/COUNTIFS('Weekly Log'!$G:$G,"<>",'Weekly Log'!$A:$A,">="&$J99,'Weekly Log'!$A:$A,"<"&$J99+7),0)) | D99: =IF($J99="","",IFERROR(COUNTIFS('Weekly Log'!$H:$H,"Y",'Weekly Log'!$A:$A,">="&$J99,'Weekly Log'!$A:$A,"<"&$J99+7)/COUNTIFS('Weekly Log'!$H:$H,"<>",'Weekly Log'!$A:$A,">="&$J99,'Weekly Log'!$A:$A,"<"&$J99+7),0)) | E99: =IF($J99="","",IFERROR(AVERAGEIFS('Weekly Log'!$F:$F,'Weekly Log'!$A:$A,">="&$J99,'Weekly Log'!$A:$A,"<"&$J99+7),0)) | F99: =IF($J99="","",IFERROR(SUMIFS('Weekly Log'!$F:$F,'Weekly Log'!$A:$A,">="&$J99,'Weekly Log'!$A:$A,"<"&$J99+7)/SUMIFS('Weekly Log'!$E:$E,'Weekly Log'!$A:$A,">="&$J99,'Weekly Log'!$A:$A,"<"&$J99+7),0)) | G99: =IF($J99="","",IFERROR(LOOKUP(2,1/(('Weekly Log'!$A$5:$A$5000>=$J99)*('Weekly Log'!$A$5:$A$5000<$J99+7)*('Weekly Log'!$M$5:$M$5000<>"")),'Weekly Log'!$M$5:$M$5000),0)) | J99: =IF(COUNT('Weekly Log'!$A$5:$A$5000)=0,"",IF(MIN('Weekly Log'!$A$5:$A$5000)+7*(ROW()-10)>MAX('Weekly Log'!$A$5:$A$5000),"",MIN('Weekly Log'!$A$5:$A$5000)+7*(ROW()-10)))
A100: =IF($J100="","",YEAR($J100-WEEKDAY($J100,2)+4)&"-W"&TEXT(WEEKNUM($J100,21),"00")) | B100: =IF($J100="","",SUMIFS('Weekly Log'!$C:$C,'Weekly Log'!$A:$A,">="&$J100,'Weekly Log'!$A:$A,"<"&$J100+7)) | C100: =IF($J100="","",IFERROR(COUNTIFS('Weekly Log'!$G:$G,"Y",'Weekly Log'!$A:$A,">="&$J100,'Weekly Log'!$A:$A,"<"&$J100+7)/COUNTIFS('Weekly Log'!$G:$G,"<>",'Weekly Log'!$A:$A,">="&$J100,'Weekly Log'!$A:$A,"<"&$J100+7),0)) | D100: =IF($J100="","",IFERROR(COUNTIFS('Weekly Log'!$H:$H,"Y",'Weekly Log'!$A:$A,">="&$J100,'Weekly Log'!$A:$A,"<"&$J100+7)/COUNTIFS('Weekly Log'!$H:$H,"<>",'Weekly Log'!$A:$A,">="&$J100,'Weekly Log'!$A:$A,"<"&$J100+7),0)) | E100: =IF($J100="","",IFERROR(AVERAGEIFS('Weekly Log'!$F:$F,'Weekly Log'!$A:$A,">="&$J100,'Weekly Log'!$A:$A,"<"&$J100+7),0)) | F100: =IF($J100="","",IFERROR(SUMIFS('Weekly Log'!$F:$F,'Weekly Log'!$A:$A,">="&$J100,'Weekly Log'!$A:$A,"<"&$J100+7)/SUMIFS('Weekly Log'!$E:$E,'Weekly Log'!$A:$A,">="&$J100,'Weekly Log'!$A:$A,"<"&$J100+7),0)) | G100: =IF($J100="","",IFERROR(LOOKUP(2,1/(('Weekly Log'!$A$5:$A$5000>=$J100)*('Weekly Log'!$A$5:$A$5000<$J100+7)*('Weekly Log'!$M$5:$M$5000<>"")),'Weekly Log'!$M$5:$M$5000),0)) | J100: =IF(COUNT('Weekly Log'!$A$5:$A$5000)=0,"",IF(MIN('Weekly Log'!$A$5:$A$5000)+7*(ROW()-10)>MAX('Weekly Log'!$A$5:$A$5000),"",MIN('Weekly Log'!$A$5:$A$5000)+7*(ROW()-10)))
A101: =IF($J101="","",YEAR($J101-WEEKDAY($J101,2)+4)&"-W"&TEXT(WEEKNUM($J101,21),"00")) | B101: =IF($J101="","",SUMIFS('Weekly Log'!$C:$C,'Weekly Log'!$A:$A,">="&$J101,'Weekly Log'!$A:$A,"<"&$J101+7)) | C101: =IF($J101="","",IFERROR(COUNTIFS('Weekly Log'!$G:$G,"Y",'Weekly Log'!$A:$A,">="&$J101,'Weekly Log'!$A:$A,"<"&$J101+7)/COUNTIFS('Weekly Log'!$G:$G,"<>",'Weekly Log'!$A:$A,">="&$J101,'Weekly Log'!$A:$A,"<"&$J101+7),0)) | D101: =IF($J101="","",IFERROR(COUNTIFS('Weekly Log'!$H:$H,"Y",'Weekly Log'!$A:$A,">="&$J101,'Weekly Log'!$A:$A,"<"&$J101+7)/COUNTIFS('Weekly Log'!$H:$H,"<>",'Weekly Log'!$A:$A,">="&$J101,'Weekly Log'!$A:$A,"<"&$J101+7),0)) | E101: =IF($J101="","",IFERROR(AVERAGEIFS('Weekly Log'!$F:$F,'Weekly Log'!$A:$A,">="&$J101,'Weekly Log'!$A:$A,"<"&$J101+7),0)) | F101: =IF($J101="","",IFERROR(SUMIFS('Weekly Log'!$F:$F,'Weekly Log'!$A:$A,">="&$J101,'Weekly Log'!$A:$A,"<"&$J101+7)/SUMIFS('Weekly Log'!$E:$E,'Weekly Log'!$A:$A,">="&$J101,'Weekly Log'!$A:$A,"<"&$J101+7),0)) | G101: =IF($J101="","",IFERROR(LOOKUP(2,1/(('Weekly Log'!$A$5:$A$5000>=$J101)*('Weekly Log'!$A$5:$A$5000<$J101+7)*('Weekly Log'!$M$5:$M$5000<>"")),'Weekly Log'!$M$5:$M$5000),0)) | J101: =IF(COUNT('Weekly Log'!$A$5:$A$5000)=0,"",IF(MIN('Weekly Log'!$A$5:$A$5000)+7*(ROW()-10)>MAX('Weekly Log'!$A$5:$A$5000),"",MIN('Weekly Log'!$A$5:$A$5000)+7*(ROW()-10)))
A102: =IF($J102="","",YEAR($J102-WEEKDAY($J102,2)+4)&"-W"&TEXT(WEEKNUM($J102,21),"00")) | B102: =IF($J102="","",SUMIFS('Weekly Log'!$C:$C,'Weekly Log'!$A:$A,">="&$J102,'Weekly Log'!$A:$A,"<"&$J102+7)) | C102: =IF($J102="","",IFERROR(COUNTIFS('Weekly Log'!$G:$G,"Y",'Weekly Log'!$A:$A,">="&$J102,'Weekly Log'!$A:$A,"<"&$J102+7)/COUNTIFS('Weekly Log'!$G:$G,"<>",'Weekly Log'!$A:$A,">="&$J102,'Weekly Log'!$A:$A,"<"&$J102+7),0)) | D102: =IF($J102="","",IFERROR(COUNTIFS('Weekly Log'!$H:$H,"Y",'Weekly Log'!$A:$A,">="&$J102,'Weekly Log'!$A:$A,"<"&$J102+7)/COUNTIFS('Weekly Log'!$H:$H,"<>",'Weekly Log'!$A:$A,">="&$J102,'Weekly Log'!$A:$A,"<"&$J102+7),0)) | E102: =IF($J102="","",IFERROR(AVERAGEIFS('Weekly Log'!$F:$F,'Weekly Log'!$A:$A,">="&$J102,'Weekly Log'!$A:$A,"<"&$J102+7),0)) | F102: =IF($J102="","",IFERROR(SUMIFS('Weekly Log'!$F:$F,'Weekly Log'!$A:$A,">="&$J102,'Weekly Log'!$A:$A,"<"&$J102+7)/SUMIFS('Weekly Log'!$E:$E,'Weekly Log'!$A:$A,">="&$J102,'Weekly Log'!$A:$A,"<"&$J102+7),0)) | G102: =IF($J102="","",IFERROR(LOOKUP(2,1/(('Weekly Log'!$A$5:$A$5000>=$J102)*('Weekly Log'!$A$5:$A$5000<$J102+7)*('Weekly Log'!$M$5:$M$5000<>"")),'Weekly Log'!$M$5:$M$5000),0)) | J102: =IF(COUNT('Weekly Log'!$A$5:$A$5000)=0,"",IF(MIN('Weekly Log'!$A$5:$A$5000)+7*(ROW()-10)>MAX('Weekly Log'!$A$5:$A$5000),"",MIN('Weekly Log'!$A$5:$A$5000)+7*(ROW()-10)))
...

Sheet Weekly Log
A1: SignalStack | Ops Pulse — Weekly Job Log
A2: Enter one row per job. All Dashboard KPIs pull from this sheet.
A3: Date | B3: Job ID | C3: Jobs Completed | D3: Technician | E3: Scheduled Time (h) | F3: Actual Time (h) | G3: On Time? (Y/N) | H3: Callback? (Y/N) | I3: On-Time Rate | J3: Callback Rate | K3: Avg Duration | L3: Utilization % | M3: Open WOs
I4: AUTO-CALCULATED — DO NOT EDIT
A5: 45614 | B5: JOB-1001 | C5: 1 | D5: Tech D | E5: 3.4 | F5: 2.9 | G5: Y | H5: N | I5: =COUNTIF(G$5:G5,"Y")/COUNTA(G$5:G5) | J5: =COUNTIF(H$5:H5,"Y")/COUNTA(H$5:H5) | K5: =AVERAGE(F$5:F5) | L5: =SUM(F$5:F5)/SUM(E$5:E5)
A6: 45615 | B6: JOB-1002 | C6: 1 | D6: Tech A | E6: 2.4 | F6: 1.9 | G6: Y | H6: N | I6: =COUNTIF(G$5:G6,"Y")/COUNTA(G$5:G6) | J6: =COUNTIF(H$5:H6,"Y")/COUNTA(H$5:H6) | K6: =AVERAGE(F$5:F6) | L6: =SUM(F$5:F6)/SUM(E$5:E6)
A7: 45616 | B7: JOB-1003 | C7: 1 | D7: Tech A | E7: 4.5 | F7: 3.2 | G7: Y | H7: N | I7: =COUNTIF(G$5:G7,"Y")/COUNTA(G$5:G7) | J7: =COUNTIF(H$5:H7,"Y")/COUNTA(H$5:H7) | K7: =AVERAGE(F$5:F7) | L7: =SUM(F$5:F7)/SUM(E$5:E7)
A8: 45617 | B8: JOB-1004 | C8: 1 | D8: Tech C | E8: 4.4 | F8: 3.7 | G8: Y | H8: N | I8: =COUNTIF(G$5:G8,"Y")/COUNTA(G$5:G8) | J8: =COUNTIF(H$5:H8,"Y")/COUNTA(H$5:H8) | K8: =AVERAGE(F$5:F8) | L8: =SUM(F$5:F8)/SUM(E$5:E8)
A9: 45618 | B9: JOB-1005 | C9: 1 | D9: Tech G | E9: 2.7 | F9: 2.3 | G9: Y | H9: N | I9: =COUNTIF(G$5:G9,"Y")/COUNTA(G$5:G9) | J9: =COUNTIF(H$5:H9,"Y")/COUNTA(H$5:H9) | K9: =AVERAGE(F$5:F9) | L9: =SUM(F$5:F9)/SUM(E$5:E9)
A10: 45614 | B10: JOB-1006 | C10: 1 | D10: Tech G | E10: 2.3 | F10: 1.7 | G10: Y | H10: N | I10: =COUNTIF(G$5:G10,"Y")/COUNTA(G$5:G10) | J10: =COUNTIF(H$5:H10,"Y")/COUNTA(H$5:H10) | K10: =AVERAGE(F$5:F10) | L10: =SUM(F$5:F10)/SUM(E$5:E10)
A11: 45615 | B11: JOB-1007 | C11: 1 | D11: Tech C | E11: 1.5 | F11: 1.2 | G11: Y | H11: N | I11: =COUNTIF(G$5:G11,"Y")/COUNTA(G$5:G11) | J11: =COUNTIF(H$5:H11,"Y")/COUNTA(H$5:H11) | K11: =AVERAGE(F$5:F11) | L11: =SUM(F$5:F11)/SUM(E$5:E11)
A12: 45616 | B12: JOB-1008 | C12: 1 | D12: Tech B | E12: 4.1 | F12: 3 | G12: Y | H12: N | I12: =COUNTIF(G$5:G12,"Y")/COUNTA(G$5:G12) | J12: =COUNTIF(H$5:H12,"Y")/COUNTA(H$5:H12) | K12: =AVERAGE(F$5:F12) | L12: =SUM(F$5:F12)/SUM(E$5:E12)
A13: 45617 | B13: JOB-1009 | C13: 1 | D13: Tech A | E13: 2.4 | F13: 1.7 | G13: Y | H13: N | I13: =COUNTIF(G$5:G13,"Y")/COUNTA(G$5:G13) | J13: =COUNTIF(H$5:H13,"Y")/COUNTA(H$5:H13) | K13: =AVERAGE(F$5:F13) | L13: =SUM(F$5:F13)/SUM(E$5:E13)
A14: 45618 | B14: JOB-1010 | C14: 1 | D14: Tech B | E14: 3.9 | F14: 3.4 | G14: Y | H14: N | I14: =COUNTIF(G$5:G14,"Y")/COUNTA(G$5:G14) | J14: =COUNTIF(H$5:H14,"Y")/COUNTA(H$5:H14) | K14: =AVERAGE(F$5:F14) | L14: =SUM(F$5:F14)/SUM(E$5:E14)
A15: 45614 | B15: JOB-1011 | C15: 1 | D15: Tech F | E15: 4.9 | F15: 3.4 | G15: Y | H15: N | I15: =COUNTIF(G$5:G15,"Y")/COUNTA(G$5:G15) | J15: =COUNTIF(H$5:H15,"Y")/COUNTA(H$5:H15) | K15: =AVERAGE(F$5:F15) | L15: =SUM(F$5:F15)/SUM(E$5:E15)
A16: 45615 | B16: JOB-1012 | C16: 1 | D16: Tech A | E16: 2.5 | F16: 2.1 | G16: Y | H16: N | I16: =COUNTIF(G$5:G16,"Y")/COUNTA(G$5:G16) | J16: =COUNTIF(H$5:H16,"Y")/COUNTA(H$5:H16) | K16: =AVERAGE(F$5:F16) | L16: =SUM(F$5:F16)/SUM(E$5:E16)
... A39: 45618 | B39: JOB-1035 | C39: 1 | D39: Tech H | E39: 0.6 | F39: 0.5 | G39: Y | H39: N | I39: =COUNTIF(G$5:G39,"Y")/COUNTA(G$5:G39) | J39: =COUNTIF(H$5:H39,"Y")/COUNTA(H$5:H39) | K39: =AVERAGE(F$5:F39) | L39: =SUM(F$5:F39)/SUM(E$5:E39)
A40: 45614 | B40: JOB-1036 | C40: 1 | D40: Tech H | E40: 2.7 | F40: 0.5 | G40: Y | H40: N | I40: =COUNTIF(G$5:G40,"Y")/COUNTA(G$5:G40) | J40: =COUNTIF(H$5:H40,"Y")/COUNTA(H$5:H40) | K40: =AVERAGE(F$5:F40) | L40: =SUM(F$5:F40)/SUM(E$5:E40) | M40: 16
A41: 45621 | B41: JOB-1037 | C41: 1 | D41: Tech H | E41: 2 | F41: 1.6 | G41: Y | H41: N | I41: =COUNTIF(G$5:G41,"Y")/COUNTA(G$5:G41) | J41: =COUNTIF(H$5:H41,"Y")/COUNTA(H$5:H41) | K41: =AVERAGE(F$5:F41) | L41: =SUM(F$5:F41)/SUM(E$5:E41)
A42: 45622 | B42: JOB-1038 | C42: 1 | D42: Tech F | E42: 5.3 | F42: 3.8 | G42: Y | H42: N | I42: =COUNTIF(G$5:G42,"Y")/COUNTA(G$5:G42) | J42: =COUNTIF(H$5:H42,"Y")/COUNTA(H$5:H42) | K42: =AVERAGE(F$5:F42) | L42: =SUM(F$5:F42)/SUM(E$5:E42)
A43: 45623 | B43: JOB-1039 | C43: 1 | D43: Tech B | E43: 3 | F43: 2.2 | G43: Y | H43: N | I43: =COUNTIF(G$5:G43,"Y")/COUNTA(G$5:G43) | J43: =COUNTIF(H$5:H43,"Y")/COUNTA(H$5:H43) | K43: =AVERAGE(F$5:F43) | L43: =SUM(F$5:F43)/SUM(E$5:E43)
A44: 45624 | B44: JOB-1040 | C44: 1 | D44: Tech C | E44: 1.7 | F44: 1.4 | G44: Y | H44: N | I44: =COUNTIF(G$5:G44,"Y")/COUNTA(G$5:G44) | J44: =COUNTIF(H$5:H44,"Y")/COUNTA(H$5:H44) | K44: =AVERAGE(F$5:F44) | L44: =SUM(F$5:F44)/SUM(E$5:E44)
A45: 45625 | B45: JOB-1041 | C45: 1 | D45: Tech C | E45: 2.7 | F45: 2 | G45: Y | H45: Y | I45: =COUNTIF(G$5:G45,"Y")/COUNTA(G$5:G45) | J45: =COUNTIF(H$5:H45,"Y")/COUNTA(H$5:H45) | K45: =AVERAGE(F$5:F45) | L45: =SUM(F$5:F45)/SUM(E$5:E45)
A46: 45621 | B46: JOB-1042 | C46: 1 | D46: Tech F | E46: 2.1 | F46: 1.7 | G46: Y | H46: N | I46: =COUNTIF(G$5:G46,"Y")/COUNTA(G$5:G46) | J46: =COUNTIF(H$5:H46,"Y")/COUNTA(H$5:H46) | K46: =AVERAGE(F$5:F46) | L46: =SUM(F$5:F46)/SUM(E$5:E46)
A47: 45622 | B47: JOB-1043 | C47: 1 | D47: Tech B | E47: 1.7 | F47: 1.2 | G47: Y | H47: N | I47: =COUNTIF(G$5:G47,"Y")/COUNTA(G$5:G47) | J47: =COUNTIF(H$5:H47,"Y")/COUNTA(H$5:H47) | K47: =AVERAGE(F$5:F47) | L47: =SUM(F$5:F47)/SUM(E$5:E47)
A48: 45623 | B48: JOB-1044 | C48: 1 | D48: Tech H | E48: 2.5 | F48: 1.7 | G48: Y | H48: N | I48: =COUNTIF(G$5:G48,"Y")/COUNTA(G$5:G48) | J48: =COUNTIF(H$5:H48,"Y")/COUNTA(H$5:H48) | K48: =AVERAGE(F$5:F48) | L48: =SUM(F$5:F48)/SUM(E$5:E48)
A49: 45624 | B49: JOB-1045 | C49: 1 | D49: Tech C | E49: 4 | F49: 3.4 | G49: Y | H49: N | I49: =COUNTIF(G$5:G49,"Y")/COUNTA(G$5:G49) | J49: =COUNTIF(H$5:H49,"Y")/COUNTA(H$5:H49) | K49: =AVERAGE(F$5:F49) | L49: =SUM(F$5:F49)/SUM(E$5:E49)
A50: 45625 | B50: JOB-1046 | C50: 1 | D50: Tech B | E50: 2.4 | F50: 1.7 | G50: Y | H50: N | I50: =COUNTIF(G$5:G50,"Y")/COUNTA(G$5:G50) | J50: =COUNTIF(H$5:H50,"Y")/COUNTA(H$5:H50) | K50: =AVERAGE(F$5:F50) | L50: =SUM(F$5:F50)/SUM(E$5:E50)
A51: 45621 | B51: JOB-1047 | C51: 1 | D51: Tech H | E51: 1.9 | F51: 1.6 | G51: Y | H51: N | I51: =COUNTIF(G$5:G51,"Y")/COUNTA(G$5:G51) | J51: =COUNTIF(H$5:H51,"Y")/COUNTA(H$5:H51) | K51: =AVERAGE(F$5:F51) | L51: =SUM(F$5:F51)/SUM(E$5:E51)
A52: 45622 | B52: JOB-1048 | C52: 1 | D52: Tech H | E52: 4.9 | F52: 3.6 | G52: N | H52: N | I52: =COUNTIF(G$5:G52,"Y")/COUNTA(G$5:G52) | J52: =COUNTIF(H$5:H52,"Y")/COUNTA(H$5:H52) | K52: =AVERAGE(F$5:F52) | L52: =SUM(F$5:F52)/SUM(E$5:E52)
... A77: 45622 | B77: JOB-1073 | C77: 1 | D77: Tech D | E77: 0.7 | F77: 0.5 | G77: Y | H77: N | I77: =COUNTIF(G$5:G77,"Y")/COUNTA(G$5:G77) | J77: =COUNTIF(H$5:H77,"Y")/COUNTA(H$5:H77) | K77: =AVERAGE(F$5:F77) | L77: =SUM(F$5:F77)/SUM(E$5:E77)
A78: 45623 | B78: JOB-1074 | C78: 1 | D78: Tech F | E78: 1.5 | F78: 0.5 | G78: N | H78: N | I78: =COUNTIF(G$5:G78,"Y")/COUNTA(G$5:G78) | J78: =COUNTIF(H$5:H78,"Y")/COUNTA(H$5:H78) | K78: =AVERAGE(F$5:F78) | L78: =SUM(F$5:F78)/SUM(E$5:E78) | M78: 15
A79: 45628 | B79: JOB-1075 | C79: 1 | D79: Tech A | E79: 1.4 | F79: 1.2 | G79: Y | H79: N | I79: =COUNTIF(G$5:G79,"Y")/COUNTA(G$5:G79) | J79: =COUNTIF(H$5:H79,"Y")/COUNTA(H$5:H79) | K79: =AVERAGE(F$5:F79) | L79: =SUM(F$5:F79)/SUM(E$5:E79)
A80: 45629 | B80: JOB-1076 | C80: 1 | D80: Tech A | E80: 5.8 | F80: 3.8 | G80: Y | H80: N | I80: =COUNTIF(G$5:G80,"Y")/COUNTA(G$5:G80) | J80: =COUNTIF(H$5:H80,"Y")/COUNTA(H$5:H80) | K80: =AVERAGE(F$5:F80) | L80: =SUM(F$5:F80)/SUM(E$5:E80)
A81: 45630 | B81: JOB-1077 | C81: 1 | D81: Tech B | E81: 4.2 | F81: 2.8 | G81: Y | H81: N | I81: =COUNTIF(G$5:G81,"Y")/COUNTA(G$5:G81) | J81: =COUNTIF(H$5:H81,"Y")/COUNTA(H$5:H81) | K81: =AVERAGE(F$5:F81) | L81: =SUM(F$5:F81)/SUM(E$5:E81)
A82: 45631 | B82: JOB-1078 | C82: 1 | D82: Tech D | E82: 3.5 | F82: 2.9 | G82: Y | H82: N | I82: =COUNTIF(G$5:G82,"Y")/COUNTA(G$5:G82) | J82: =COUNTIF(H$5:H82,"Y")/COUNTA(H$5:H82) | K82: =AVERAGE(F$5:F82) | L82: =SUM(F$5:F82)/SUM(E$5:E82)
A83: 45632 | B83: JOB-1079 | C83: 1 | D83: Tech F | E83: 1.9 | F83: 1.5 | G83: N | H83: N | I83: =COUNTIF(G$5:G83,"Y")/COUNTA(G$5:G83) | J83: =COUNTIF(H$5:H83,"Y")/COUNTA(H$5:H83) | K83: =AVERAGE(F$5:F83) | L83: =SUM(F$5:F83)/SUM(E$5:E83)
A84: 45628 | B84: JOB-1080 | C84: 1 | D84: Tech G | E84: 5.6 | F84: 3.8 | G84: Y | H84: N | I84: =COUNTIF(G$5:G84,"Y")/COUNTA(G$5:G84) | J84: =COUNTIF(H$5:H84,"Y")/COUNTA(H$5:H84) | K84: =AVERAGE(F$5:F84) | L84: =SUM(F$5:F84)/SUM(E$5:E84)
A85: 45629 | B85: JOB-1081 | C85: 1 | D85: Tech G | E85: 5.6 | F85: 3.7 | G85: Y | H85: N | I85: =COUNTIF(G$5:G85,"Y")/COUNTA(G$5:G85) | J85: =COUNTIF(H$5:H85,"Y")/COUNTA(H$5:H85) | K85: =AVERAGE(F$5:F85) | L85: =SUM(F$5:F85)/SUM(E$5:E85)
A86: 45630 | B86: JOB-1082 | C86: 1 | D86: Tech A | E86: 2.3 | F86: 1.8 | G86: Y | H86: N | I86: =COUNTIF(G$5:G86,"Y")/COUNTA(G$5:G86) | J86: =COUNTIF(H$5:H86,"Y")/COUNTA(H$5:H86) | K86: =AVERAGE(F$5:F86) | L86: =SUM(F$5:F86)/SUM(E$5:E86)
A87: 45631 | B87: JOB-1083 | C87: 1 | D87: Tech D | E87: 2.2 | F87: 1.5 | G87: Y | H87: N | I87: =COUNTIF(G$5:G87,"Y")/COUNTA(G$5:G87) | J87: =COUNTIF(H$5:H87,"Y")/COUNTA(H$5:H87) | K87: =AVERAGE(F$5:F87) | L87: =SUM(F$5:F87)/SUM(E$5:E87)
A88: 45632 | B88: JOB-1084 | C88: 1 | D88: Tech D | E88: 5 | F88: 3.8 | G88: Y | H88: Y | I88: =COUNTIF(G$5:G88,"Y")/COUNTA(G$5:G88) | J88: =COUNTIF(H$5:H88,"Y")/COUNTA(H$5:H88) | K88: =AVERAGE(F$5:F88) | L88: =SUM(F$5:F88)/SUM(E$5:E88)
A89: 45628 | B89: JOB-1085 | C89: 1 | D89: Tech H | E89: 3.7 | F89: 3 | G89: Y | H89: N | I89: =COUNTIF(G$5:G89,"Y")/COUNTA(G$5:G89) | J89: =COUNTIF(H$5:H89,"Y")/COUNTA(H$5:H89) | K89: =AVERAGE(F$5:F89) | L89: =SUM(F$5:F89)/SUM(E$5:E89)
A90: 45629 | B90: JOB-1086 | C90: 1 | D90: Tech F | E90: 5.9 | F90: 3.9 | G90: Y | H90: N | I90: =COUNTIF(G$5:G90,"Y")/COUNTA(G$5:G90) | J90: =COUNTIF(H$5:H90,"Y")/COUNTA(H$5:H90) | K90: =AVERAGE(F$5:F90) | L90: =SUM(F$5:F90)/SUM(E$5:E90)
... A111: 45630 | B111: JOB-1107 | C111: 1 | D111: Tech H | E111: 0.5 | F111: 0.5 | G111: Y | H111: N | I111: =COUNTIF(G$5:G111,"Y")/COUNTA(G$5:G111) | J111: =COUNTIF(H$5:H111,"Y")/COUNTA(H$5:H111) | K111: =AVERAGE(F$5:F111) | L111: =SUM(F$5:F111)/SUM(E$5:E111)
A112: 45631 | B112: JOB-1108 | C112: 1 | D112: Tech F | E112: 0.5 | F112: 0.5 | G112: N | H112: N | I112: =COUNTIF(G$5:G112,"Y")/COUNTA(G$5:G112) | J112: =COUNTIF(H$5:H112,"Y")/COUNTA(H$5:H112) | K112: =AVERAGE(F$5:F112) | L112: =SUM(F$5:F112)/SUM(E$5:E112) | M112: 18
A113: 45635 | B113: JOB-1109 | C113: 1 | D113: Tech G | E113: 3.4 | F113: 2.4 | G113: Y | H113: N | I113: =COUNTIF(G$5:G113,"Y")/COUNTA(G$5:G113) | J113: =COUNTIF(H$5:H113,"Y")/COUNTA(H$5:H113) | K113: =AVERAGE(F$5:F113) | L113: =SUM(F$5:F113)/SUM(E$5:E113)
A114: 45636 | B114: JOB-1110 | C114: 1 | D114: Tech C | E114: 4.6 | F114: 3.7 | G114: Y | H114: N | I114: =COUNTIF(G$5:G114,"Y")/COUNTA(G$5:G114) | J114: =COUNTIF(H$5:H114,"Y")/COUNTA(H$5:H114) | K114: =AVERAGE(F$5:F114) | L114: =SUM(F$5:F114)/SUM(E$5:E114)
A115: 45637 | B115: JOB-1111 | C115: 1 | D115: Tech B | E115: 2.1 | F115: 1.5 | G115: Y | H115: N | I115: =COUNTIF(G$5:G115,"Y")/COUNTA(G$5:G115) | J115: =COUNTIF(H$5:H115,"Y")/COUNTA(H$5:H115) | K115: =AVERAGE(F$5:F115) | L115: =SUM(F$5:F115)/SUM(E$5:E115)
A116: 45638 | B116: JOB-1112 | C116: 1 | D116: Tech F | E116: 3.7 | F116: 2.6 | G116: Y | H116: N | I116: =COUNTIF(G$5:G116,"Y")/COUNTA(G$5:G116) | J116: =COUNTIF(H$5:H116,"Y")/COUNTA(H$5:H116) | K116: =AVERAGE(F$5:F116) | L116: =SUM(F$5:F116)/SUM(E$5:E116)
A117: 45639 | B117: JOB-1113 | C117: 1 | D117: Tech F | E117: 3 | F117: 2 | G117: Y | H117: N | I117: =COUNTIF(G$5:G117,"Y")/COUNTA(G$5:G117) | J117: =COUNTIF(H$5:H117,"Y")/COUNTA(H$5:H117) | K117: =AVERAGE(F$5:F117) | L117: =SUM(F$5:F117)/SUM(E$5:E117)
A118: 45635 | B118: JOB-1114 | C118: 1 | D118: Tech H | E118: 3.7 | F118: 2.4 | G118: Y | H118: N | I118: =COUNTIF(G$5:G118,"Y")/COUNTA(G$5:G118) | J118: =COUNTIF(H$5:H118,"Y")/COUNTA(H$5:H118) | K118: =AVERAGE(F$5:F118) | L118: =SUM(F$5:F118)/SUM(E$5:E118)
A119: 45636 | B119: JOB-1115 | C119: 1 | D119: Tech H | E119: 5 | F119: 3.7 | G119: Y | H119: N | I119: =COUNTIF(G$5:G119,"Y")/COUNTA(G$5:G119) | J119: =COUNTIF(H$5:H119,"Y")/COUNTA(H$5:H119) | K119: =AVERAGE(F$5:F119) | L119: =SUM(F$5:F119)/SUM(E$5:E119)
A120: 45637 | B120: JOB-1116 | C120: 1 | D120: Tech A | E120: 5.1 | F120: 3.7 | G120: N | H120: N | I120: =COUNTIF(G$5:G120,"Y")/COUNTA(G$5:G120) | J120: =COUNTIF(H$5:H120,"Y")/COUNTA(H$5:H120) | K120: =AVERAGE(F$5:F120) | L120: =SUM(F$5:F120)/SUM(E$5:E120)
A121: 45638 | B121: JOB-1117 | C121: 1 | D121: Tech G | E121: 2.5 | F121: 1.6 | G121: Y | H121: N | I121: =COUNTIF(G$5:G121,"Y")/COUNTA(G$5:G121) | J121: =COUNTIF(H$5:H121,"Y")/COUNTA(H$5:H121) | K121: =AVERAGE(F$5:F121) | L121: =SUM(F$5:F121)/SUM(E$5:E121)
A122: 45639 | B122: JOB-1118 | C122: 1 | D122: Tech G | E122: 3.6 | F122: 2.4 | G122: N | H122: N | I122: =COUNTIF(G$5:G122,"Y")/COUNTA(G$5:G122) | J122: =COUNTIF(H$5:H122,"Y")/COUNTA(H$5:H122) | K122: =AVERAGE(F$5:F122) | L122: =SUM(F$5:F122)/SUM(E$5:E122)
A123: 45635 | B123: JOB-1119 | C123: 1 | D123: Tech B | E123: 4.5 | F123: 3.5 | G123: N | H123: N | I123: =COUNTIF(G$5:G123,"Y")/COUNTA(G$5:G123) | J123: =COUNTIF(H$5:H123,"Y")/COUNTA(H$5:H123) | K123: =AVERAGE(F$5:F123) | L123: =SUM(F$5:F123)/SUM(E$5:E123)
A124: 45636 | B124: JOB-1120 | C124: 1 | D124: Tech C | E124: 4.6 | F124: 3.3 | G124: Y | H124: N | I124: =COUNTIF(G$5:G124,"Y")/COUNTA(G$5:G124) | J124: =COUNTIF(H$5:H124,"Y")/COUNTA(H$5:H124) | K124: =AVERAGE(F$5:F124) | L124: =SUM(F$5:F124)/SUM(E$5:E124)
... A142: 45639 | B142: JOB-1138 | C142: 1 | D142: Tech H | E142: 0.7 | F142: 0.5 | G142: N | H142: N | I142: =COUNTIF(G$5:G142,"Y")/COUNTA(G$5:G142) | J142: =COUNTIF(H$5:H142,"Y")/COUNTA(H$5:H142) | K142: =AVERAGE(F$5:F142) | L142: =SUM(F$5:F142)/SUM(E$5:E142)
A143: 45635 | B143: JOB-1139 | C143: 1 | D143: Tech G | E143: 0.6 | F143: 0.5 | G143: Y | H143: N | I143: =COUNTIF(G$5:G143,"Y")/COUNTA(G$5:G143) | J143: =COUNTIF(H$5:H143,"Y")/COUNTA(H$5:H143) | K143: =AVERAGE(F$5:F143) | L143: =SUM(F$5:F143)/SUM(E$5:E143) | M143: 20
A144: 45642 | B144: JOB-1140 | C144: 1 | D144: Tech F | E144: 2.7 | F144: 1.8 | G144: Y | H144: N | I144: =COUNTIF(G$5:G144,"Y")/COUNTA(G$5:G144) | J144: =COUNTIF(H$5:H144,"Y")/COUNTA(H$5:H144) | K144: =AVERAGE(F$5:F144) | L144: =SUM(F$5:F144)/SUM(E$5:E144)
A145: 45643 | B145: JOB-1141 | C145: 1 | D145: Tech C | E145: 4.8 | F145: 3.1 | G145: Y | H145: N | I145: =COUNTIF(G$5:G145,"Y")/COUNTA(G$5:G145) | J145: =COUNTIF(H$5:H145,"Y")/COUNTA(H$5:H145) | K145: =AVERAGE(F$5:F145) | L145: =SUM(F$5:F145)/SUM(E$5:E145)
A146: 45644 | B146: JOB-1142 | C146: 1 | D146: Tech H | E146: 3.1 | F146: 2.5 | G146: Y | H146: N | I146: =COUNTIF(G$5:G146,"Y")/COUNTA(G$5:G146) | J146: =COUNTIF(H$5:H146,"Y")/COUNTA(H$5:H146) | K146: =AVERAGE(F$5:F146) | L146: =SUM(F$5:F146)/SUM(E$5:E146)
A147: 45645 | B147: JOB-1143 | C147: 1 | D147: Tech B | E147: 3.6 | F147: 2.4 | G147: Y | H147: N | I147: =COUNTIF(G$5:G147,"Y")/COUNTA(G$5:G147) | J147: =COUNTIF(H$5:H147,"Y")/COUNTA(H$5:H147) | K147: =AVERAGE(F$5:F147) | L147: =SUM(F$5:F147)/SUM(E$5:E147)
A148: 45646 | B148: JOB-1144 | C148: 1 | D148: Tech H | E148: 1.8 | F148: 1.2 | G148: N | H148: Y | I148: =COUNTIF(G$5:G148,"Y")/COUNTA(G$5:G148) | J148: =COUNTIF(H$5:H148,"Y")/COUNTA(H$5:H148) | K148: =AVERAGE(F$5:F148) | L148: =SUM(F$5:F148)/SUM(E$5:E148)
A149: 45642 | B149: JOB-1145 | C149: 1 | D149: Tech G | E149: 1.4 | F149: 1 | G149: Y | H149: N | I149: =COUNTIF(G$5:G149,"Y")/COUNTA(G$5:G149) | J149: =COUNTIF(H$5:H149,"Y")/COUNTA(H$5:H149) | K149: =AVERAGE(F$5:F149) | L149: =SUM(F$5:F149)/SUM(E$5:E149)
A150: 45643 | B150: JOB-1146 | C150: 1 | D150: Tech G | E150: 3.2 | F150: 2.3 | G150: N | H150: N | I150: =COUNTIF(G$5:G150,"Y")/COUNTA(G$5:G150) | J150: =COUNTIF(H$5:H150,"Y")/COUNTA(H$5:H150) | K150: =AVERAGE(F$5:F150) | L150: =SUM(F$5:F150)/SUM(E$5:E150)
A151: 45644 | B151: JOB-1147 | C151: 1 | D151: Tech D | E151: 3 | F151: 1.9 | G151: N | H151: Y | I151: =COUNTIF(G$5:G151,"Y")/COUNTA(G$5:G151) | J151: =COUNTIF(H$5:H151,"Y")/COUNTA(H$5:H151) | K151: =AVERAGE(F$5:F151) | L151: =SUM(F$5:F151)/SUM(E$5:E151)
A152: 45645 | B152: JOB-1148 | C152: 1 | D152: Tech A | E152: 2.8 | F152: 2.2 | G152: Y | H152: N | I152: =COUNTIF(G$5:G152,"Y")/COUNTA(G$5:G152) | J152: =COUNTIF(H$5:H152,"Y")/COUNTA(H$5:H152) | K152: =AVERAGE(F$5:F152) | L152: =SUM(F$5:F152)/SUM(E$5:E152)
A153: 45646 | B153: JOB-1149 | C153: 1 | D153: Tech G | E153: 2.1 | F153: 1.5 | G153: Y | H153: N | I153: =COUNTIF(G$5:G153,"Y")/COUNTA(G$5:G153) | J153: =COUNTIF(H$5:H153,"Y")/COUNTA(H$5:H153) | K153: =AVERAGE(F$5:F153) | L153: =SUM(F$5:F153)/SUM(E$5:E153)
A154: 45642 | B154: JOB-1150 | C154: 1 | D154: Tech A | E154: 4 | F154: 2.7 | G154: Y | H154: N | I154: =COUNTIF(G$5:G154,"Y")/COUNTA(G$5:G154) | J154: =COUNTIF(H$5:H154,"Y")/COUNTA(H$5:H154) | K154: =AVERAGE(F$5:F154) | L154: =SUM(F$5:F154)/SUM(E$5:E154)
A155: 45643 | B155: JOB-1151 | C155: 1 | D155: Tech F | E155: 5.2 | F155: 3.4 | G155: Y | H155: N | I155: =COUNTIF(G$5:G155,"Y")/COUNTA(G$5:G155) | J155: =COUNTIF(H$5:H155,"Y")/COUNTA(H$5:H155) | K155: =AVERAGE(F$5:F155) | L155: =SUM(F$5:F155)/SUM(E$5:E155)
... A170: 45643 | B170: JOB-1166 | C170: 1 | D170: Tech D | E170: 0.5 | F170: 0.5 | G170: Y | H170: N | I170: =COUNTIF(G$5:G170,"Y")/COUNTA(G$5:G170) | J170: =COUNTIF(H$5:H170,"Y")/COUNTA(H$5:H170) | K170: =AVERAGE(F$5:F170) | L170: =SUM(F$5:F170)/SUM(E$5:E170)
A171: 45644 | B171: JOB-1167 | C171: 1 | D171: Tech A | E171: 0.5 | F171: 0.5 | G171: Y | H171: N | I171: =COUNTIF(G$5:G171,"Y")/COUNTA(G$5:G171) | J171: =COUNTIF(H$5:H171,"Y")/COUNTA(H$5:H171) | K171: =AVERAGE(F$5:F171) | L171: =SUM(F$5:F171)/SUM(E$5:E171) | M171: 22
A172: 45649 | B172: JOB-1168 | C172: 1 | D172: Tech C | E172: 3.7 | F172: 2.4 | G172: Y | H172: N | I172: =COUNTIF(G$5:G172,"Y")/COUNTA(G$5:G172) | J172: =COUNTIF(H$5:H172,"Y")/COUNTA(H$5:H172) | K172: =AVERAGE(F$5:F172) | L172: =SUM(F$5:F172)/SUM(E$5:E172)
A173: 45650 | B173: JOB-1169 | C173: 1 | D173: Tech B | E173: 2.1 | F173: 1.3 | G173: N | H173: N | I173: =COUNTIF(G$5:G173,"Y")/COUNTA(G$5:G173) | J173: =COUNTIF(H$5:H173,"Y")/COUNTA(H$5:H173) | K173: =AVERAGE(F$5:F173) | L173: =SUM(F$5:F173)/SUM(E$5:E173)
A174: 45651 | B174: JOB-1170 | C174: 1 | D174: Tech F | E174: 4.2 | F174: 3.3 | G174: Y | H174: N | I174: =COUNTIF(G$5:G174,"Y")/COUNTA(G$5:G174) | J174: =COUNTIF(H$5:H174,"Y")/COUNTA(H$5:H174) | K174: =AVERAGE(F$5:F174) | L174: =SUM(F$5:F174)/SUM(E$5:E174)
A175: 45652 | B175: JOB-1171 | C175: 1 | D175: Tech D | E175: 2.4 | F175: 1.6 | G175: Y | H175: N | I175: =COUNTIF(G$5:G175,"Y")/COUNTA(G$5:G175) | J175: =COUNTIF(H$5:H175,"Y")/COUNTA(H$5:H175) | K175: =AVERAGE(F$5:F175) | L175: =SUM(F$5:F175)/SUM(E$5:E175)
A176: 45653 | B176: JOB-1172 | C176: 1 | D176: Tech H | E176: 3 | F176: 2 | G176: Y | H176: N | I176: =COUNTIF(G$5:G176,"Y")/COUNTA(G$5:G176) | J176: =COUNTIF(H$5:H176,"Y")/COUNTA(H$5:H176) | K176: =AVERAGE(F$5:F176) | L176: =SUM(F$5:F176)/SUM(E$5:E176)
A177: 45649 | B177: JOB-1173 | C177: 1 | D177: Tech G | E177: 4 | F177: 2.5 | G177: N | H177: N | I177: =COUNTIF(G$5:G177,"Y")/COUNTA(G$5:G177) | J177: =COUNTIF(H$5:H177,"Y")/COUNTA(H$5:H177) | K177: =AVERAGE(F$5:F177) | L177: =SUM(F$5:F177)/SUM(E$5:E177)
A178: 45650 | B178: JOB-1174 | C178: 1 | D178: Tech D | E178: 3.1 | F178: 1.9 | G178: Y | H178: N | I178: =COUNTIF(G$5:G178,"Y")/COUNTA(G$5:G178) | J178: =COUNTIF(H$5:H178,"Y")/COUNTA(H$5:H178) | K178: =AVERAGE(F$5:F178) | L178: =SUM(F$5:F178)/SUM(E$5:E178)
A179: 45651 | B179: JOB-1175 | C179: 1 | D179: Tech A | E179: 2.6 | F179: 1.7 | G179: N | H179: N | I179: =COUNTIF(G$5:G179,"Y")/COUNTA(G$5:G179) | J179: =COUNTIF(H$5:H179,"Y")/COUNTA(H$5:H179) | K179: =AVERAGE(F$5:F179) | L179: =SUM(F$5:F179)/SUM(E$5:E179)
A180: 45652 | B180: JOB-1176 | C180: 1 | D180: Tech D | E180: 3 | F180: 2 | G180: Y | H180: N | I180: =COUNTIF(G$5:G180,"Y")/COUNTA(G$5:G180) | J180: =COUNTIF(H$5:H180,"Y")/COUNTA(H$5:H180) | K180: =AVERAGE(F$5:F180) | L180: =SUM(F$5:F180)/SUM(E$5:E180)
A181: 45653 | B181: JOB-1177 | C181: 1 | D181: Tech C | E181: 1.8 | F181: 1.1 | G181: Y | H181: N | I181: =COUNTIF(G$5:G181,"Y")/COUNTA(G$5:G181) | J181: =COUNTIF(H$5:H181,"Y")/COUNTA(H$5:H181) | K181: =AVERAGE(F$5:F181) | L181: =SUM(F$5:F181)/SUM(E$5:E181)
A182: 45649 | B182: JOB-1178 | C182: 1 | D182: Tech D | E182: 1.9 | F182: 1.2 | G182: Y | H182: N | I182: =COUNTIF(G$5:G182,"Y")/COUNTA(G$5:G182) | J182: =COUNTIF(H$5:H182,"Y")/COUNTA(H$5:H182) | K182: =AVERAGE(F$5:F182) | L182: =SUM(F$5:F182)/SUM(E$5:E182)
A183: 45650 | B183: JOB-1179 | C183: 1 | D183: Tech C | E183: 3.4 | F183: 2.5 | G183: Y | H183: N | I183: =COUNTIF(G$5:G183,"Y")/COUNTA(G$5:G183) | J183: =COUNTIF(H$5:H183,"Y")/COUNTA(H$5:H183) | K183: =AVERAGE(F$5:F183) | L183: =SUM(F$5:F183)/SUM(E$5:E183)
... A192: 45649 | B192: JOB-1188 | C192: 1 | D192: Tech D | E192: 1.3 | F192: 1 | G192: Y | H192: N | I192: =COUNTIF(G$5:G192,"Y")/COUNTA(G$5:G192) | J192: =COUNTIF(H$5:H192,"Y")/COUNTA(H$5:H192) | K192: =AVERAGE(F$5:F192) | L192: =SUM(F$5:F192)/SUM(E$5:E192)
A193: 45650 | B193: JOB-1189 | C193: 1 | D193: Tech C | E193: 1.8 | F193: 0.5 | G193: Y | H193: N | I193: =COUNTIF(G$5:G193,"Y")/COUNTA(G$5:G193) | J193: =COUNTIF(H$5:H193,"Y")/COUNTA(H$5:H193) | K193: =AVERAGE(F$5:F193) | L193: =SUM(F$5:F193)/SUM(E$5:E193) | M193: 24
A194: 45656 | B194: JOB-1190 | C194: 1 | D194: Tech C | E194: 3.8 | F194: 2.9 | G194: Y | H194: N | I194: =COUNTIF(G$5:G194,"Y")/COUNTA(G$5:G194) | J194: =COUNTIF(H$5:H194,"Y")/COUNTA(H$5:H194) | K194: =AVERAGE(F$5:F194) | L194: =SUM(F$5:F194)/SUM(E$5:E194)
A195: 45657 | B195: JOB-1191 | C195: 1 | D195: Tech C | E195: 3.6 | F195: 3.1 | G195: Y | H195: N | I195: =COUNTIF(G$5:G195,"Y")/COUNTA(G$5:G195) | J195: =COUNTIF(H$5:H195,"Y")/COUNTA(H$5:H195) | K195: =AVERAGE(F$5:F195) | L195: =SUM(F$5:F195)/SUM(E$5:E195)
A196: 45658 | B196: JOB-1192 | C196: 1 | D196: Tech C | E196: 1.6 | F196: 1.3 | G196: Y | H196: N | I196: =COUNTIF(G$5:G196,"Y")/COUNTA(G$5:G196) | J196: =COUNTIF(H$5:H196,"Y")/COUNTA(H$5:H196) | K196: =AVERAGE(F$5:F196) | L196: =SUM(F$5:F196)/SUM(E$5:E196)
A197: 45659 | B197: JOB-1193 | C197: 1 | D197: Tech D | E197: 2.1 | F197: 1.4 | G197: Y | H197: N | I197: =COUNTIF(G$5:G197,"Y")/COUNTA(G$5:G197) | J197: =COUNTIF(H$5:H197,"Y")/COUNTA(H$5:H197) | K197: =AVERAGE(F$5:F197) | L197: =SUM(F$5:F197)/SUM(E$5:E197)
A198: 45660 | B198: JOB-1194 | C198: 1 | D198: Tech B | E198: 5.1 | F198: 3.4 | G198: Y | H198: Y | I198: =COUNTIF(G$5:G198,"Y")/COUNTA(G$5:G198) | J198: =COUNTIF(H$5:H198,"Y")/COUNTA(H$5:H198) | K198: =AVERAGE(F$5:F198) | L198: =SUM(F$5:F198)/SUM(E$5:E198)
A199: 45656 | B199: JOB-1195 | C199: 1 | D199: Tech B | E199: 1.7 | F199: 1.1 | G199: Y | H199: N | I199: =COUNTIF(G$5:G199,"Y")/COUNTA(G$5:G199) | J199: =COUNTIF(H$5:H199,"Y")/COUNTA(H$5:H199) | K199: =AVERAGE(F$5:F199) | L199: =SUM(F$5:F199)/SUM(E$5:E199)
A200: 45657 | B200: JOB-1196 | C200: 1 | D200: Tech F | E200: 2.7 | F200: 2.3 | G200: Y | H200: N | I200: =COUNTIF(G$5:G200,"Y")/COUNTA(G$5:G200) | J200: =COUNTIF(H$5:H200,"Y")/COUNTA(H$5:H200) | K200: =AVERAGE(F$5:F200) | L200: =SUM(F$5:F200)/SUM(E$5:E200)
A201: 45658 | B201: JOB-1197 | C201: 1 | D201: Tech D | E201: 3.5 | F201: 2.5 | G201: Y | H201: N | I201: =COUNTIF(G$5:G201,"Y")/COUNTA(G$5:G201) | J201: =COUNTIF(H$5:H201,"Y")/COUNTA(H$5:H201) | K201: =AVERAGE(F$5:F201) | L201: =SUM(F$5:F201)/SUM(E$5:E201)
A202: 45659 | B202: JOB-1198 | C202: 1 | D202: Tech F | E202: 3.2 | F202: 2.4 | G202: Y | H202: N | I202: =COUNTIF(G$5:G202,"Y")/COUNTA(G$5:G202) | J202: =COUNTIF(H$5:H202,"Y")/COUNTA(H$5:H202) | K202: =AVERAGE(F$5:F202) | L202: =SUM(F$5:F202)/SUM(E$5:E202)
A203: 45660 | B203: JOB-1199 | C203: 1 | D203: Tech H | E203: 1.5 | F203: 1.2 | G203: Y | H203: N | I203: =COUNTIF(G$5:G203,"Y")/COUNTA(G$5:G203) | J203: =COUNTIF(H$5:H203,"Y")/COUNTA(H$5:H203) | K203: =AVERAGE(F$5:F203) | L203: =SUM(F$5:F203)/SUM(E$5:E203)
A204: 45656 | B204: JOB-1200 | C204: 1 | D204: Tech G | E204: 1.8 | F204: 1.4 | G204: Y | H204: N | I204: =COUNTIF(G$5:G204,"Y")/COUNTA(G$5:G204) | J204: =COUNTIF(H$5:H204,"Y")/COUNTA(H$5:H204) | K204: =AVERAGE(F$5:F204) | L204: =SUM(F$5:F204)/SUM(E$5:E204)
A205: 45657 | B205: JOB-1201 | C205: 1 | D205: Tech B | E205: 4.7 | F205: 3.5 | G205: N | H205: N | I205: =COUNTIF(G$5:G205,"Y")/COUNTA(G$5:G205) | J205: =COUNTIF(H$5:H205,"Y")/COUNTA(H$5:H205) | K205: =AVERAGE(F$5:F205) | L205: =SUM(F$5:F205)/SUM(E$5:E205)
...

Sheet Benchmarks
A1: SignalStack | Ops Pulse — Target Benchmarks
A2: Set your targets here. Red/yellow/green flags on Dashboard compare actuals against these.
A3: Metric | B3: Your Target | C3: Industry Avg | D3: Notes
A4: On-Time Rate | B4: 0.92 | C4: 0.85 | D4: Best-in-class field service = 95%+
A5: Callback Rate | B5: 0.04 | C5: 0.07 | D5: Under 3% = excellent; over 8% = investigate
A6: Avg Job Duration | B6: 2.5 | C6: 3.1 | D6: Track in hours. Benchmark varies by trade.
A7: Crew Utilization | B7: 0.8 | C7: 0.72 | D7: 80-85% is the sweet spot. Over 90% = burnout risk.
A8: Jobs per Tech/Wk | B8: 10 | C8: 8 | D8: Adjust based on job complexity
