Workbook

Sheet Dashboard
A1: SignalStack | Team Tempo — Workforce Health Dashboard
A2: Weekly workforce metrics. Update the Hours Log and Roster tabs. KPIs auto-calculate.
A4: TEAM SNAPSHOT — CURRENT WEEK
A5: Headcount | B5: Billable Hours | C5: OT Hours | D5: Utilization % | E5: Avg Pay Rate | F5: Est. Labor Cost
A6: =LOOKUP(2,1/(A10:A2000<>""),B10:B2000) | B6: =LOOKUP(2,1/(A10:A2000<>""),C10:C2000) | C6: =LOOKUP(2,1/(A10:A2000<>""),D10:D2000) | D6: =LOOKUP(2,1/(A10:A2000<>""),E10:E2000) | E6: =AVERAGEIF(Roster!D4:D500,"Active",Roster!E4:E500) | F6: =E6*B6
A8: WORKFORCE TREND — FULL HISTORY
A9: Week | B9: Headcount | C9: Billable Hrs | D9: OT Hrs | E9: Utilization % | F9: Turnover | G9: Training Hrs | H9: Notes | J9: __week_start
A10: =IF($J10="","",YEAR($J10-WEEKDAY($J10,2)+4)&"-W"&TEXT(WEEKNUM($J10,21),"00")) | B10: =IF($J10="","",COUNTIFS(Roster!$D$4:$D$500,"Active",Roster!$C$4:$C$500,"<="&$J10)) | C10: =IF($J10="","",SUMIFS('Hours Log'!$C:$C,'Hours Log'!$A:$A,">="&$J10,'Hours Log'!$A:$A,"<"&$J10+7)+SUMIFS('Hours Log'!$D:$D,'Hours Log'!$A:$A,">="&$J10,'Hours Log'!$A:$A,"<"&$J10+7)) | D10: =IF($J10="","",SUMIFS('Hours Log'!$D:$D,'Hours Log'!$A:$A,">="&$J10,'Hours Log'!$A:$A,"<"&$J10+7)) | E10: =IF($J10="","",IFERROR(C10/(B10*40),0)) | F10: =IF($J10="","",0) | G10: =IF($J10="","",SUMIFS('Hours Log'!$E:$E,'Hours Log'!$A:$A,">="&$J10,'Hours Log'!$A:$A,"<"&$J10+7)) | J10: =IF(COUNT('Hours Log'!$A$4:$A$5000)=0,"",IF(MIN('Hours Log'!$A$4:$A$5000)+7*(ROW()-10)>MAX('Hours Log'!$A$4:$A$5000),"",MIN('Hours Log'!$A$4:$A$5000)+7*(ROW()-10)))
A11: =IF($J11="","",YEAR($J11-WEEKDAY($J11,2)+4)&"-W"&TEXT(WEEKNUM($J11,21),"00")) | B11: =IF($J11="","",COUNTIFS(Roster!$D$4:$D$500,"Active",Roster!$C$4:$C$500,"<="&$J11)) | C11: =IF($J11="","",SUMIFS('Hours Log'!$C:$C,'Hours Log'!$A:$A,">="&$J11,'Hours Log'!$A:$A,"<"&$J11+7)+SUMIFS('Hours Log'!$D:$D,'Hours Log'!$A:$A,">="&$J11,'Hours Log'!$A:$A,"<"&$J11+7)) | D11: =IF($J11="","",SUMIFS('Hours Log'!$D:$D,'Hours Log'!$A:$A,">="&$J11,'Hours Log'!$A:$A,"<"&$J11+7)) | E11: =IF($J11="","",IFERROR(C11/(B11*40),0)) | F11: =IF($J11="","",0) | G11: =IF($J11="","",SUMIFS('Hours Log'!$E:$E,'Hours Log'!$A:$A,">="&$J11,'Hours Log'!$A:$A,"<"&$J11+7)) | J11: =IF(COUNT('Hours Log'!$A$4:$A$5000)=0,"",IF(MIN('Hours Log'!$A$4:$A$5000)+7*(ROW()-10)>MAX('Hours Log'!$A$4:$A$5000),"",MIN('Hours Log'!$A$4:$A$5000)+7*(ROW()-10)))
A12: =IF($J12="","",YEAR($J12-WEEKDAY($J12,2)+4)&"-W"&TEXT(WEEKNUM($J12,21),"00")) | B12: =IF($J12="","",COUNTIFS(Roster!$D$4:$D$500,"Active",Roster!$C$4:$C$500,"<="&$J12)) | C12: =IF($J12="","",SUMIFS('Hours Log'!$C:$C,'Hours Log'!$A:$A,">="&$J12,'Hours Log'!$A:$A,"<"&$J12+7)+SUMIFS('Hours Log'!$D:$D,'Hours Log'!$A:$A,">="&$J12,'Hours Log'!$A:$A,"<"&$J12+7)) | D12: =IF($J12="","",SUMIFS('Hours Log'!$D:$D,'Hours Log'!$A:$A,">="&$J12,'Hours Log'!$A:$A,"<"&$J12+7)) | E12: =IF($J12="","",IFERROR(C12/(B12*40),0)) | F12: =IF($J12="","",0) | G12: =IF($J12="","",SUMIFS('Hours Log'!$E:$E,'Hours Log'!$A:$A,">="&$J12,'Hours Log'!$A:$A,"<"&$J12+7)) | H12: Holiday team training | J12: =IF(COUNT('Hours Log'!$A$4:$A$5000)=0,"",IF(MIN('Hours Log'!$A$4:$A$5000)+7*(ROW()-10)>MAX('Hours Log'!$A$4:$A$5000),"",MIN('Hours Log'!$A$4:$A$5000)+7*(ROW()-10)))
A13: =IF($J13="","",YEAR($J13-WEEKDAY($J13,2)+4)&"-W"&TEXT(WEEKNUM($J13,21),"00")) | B13: =IF($J13="","",COUNTIFS(Roster!$D$4:$D$500,"Active",Roster!$C$4:$C$500,"<="&$J13)) | C13: =IF($J13="","",SUMIFS('Hours Log'!$C:$C,'Hours Log'!$A:$A,">="&$J13,'Hours Log'!$A:$A,"<"&$J13+7)+SUMIFS('Hours Log'!$D:$D,'Hours Log'!$A:$A,">="&$J13,'Hours Log'!$A:$A,"<"&$J13+7)) | D13: =IF($J13="","",SUMIFS('Hours Log'!$D:$D,'Hours Log'!$A:$A,">="&$J13,'Hours Log'!$A:$A,"<"&$J13+7)) | E13: =IF($J13="","",IFERROR(C13/(B13*40),0)) | F13: =IF($J13="","",0) | G13: =IF($J13="","",SUMIFS('Hours Log'!$E:$E,'Hours Log'!$A:$A,">="&$J13,'Hours Log'!$A:$A,"<"&$J13+7)) | H13: Short week | J13: =IF(COUNT('Hours Log'!$A$4:$A$5000)=0,"",IF(MIN('Hours Log'!$A$4:$A$5000)+7*(ROW()-10)>MAX('Hours Log'!$A$4:$A$5000),"",MIN('Hours Log'!$A$4:$A$5000)+7*(ROW()-10)))
A14: =IF($J14="","",YEAR($J14-WEEKDAY($J14,2)+4)&"-W"&TEXT(WEEKNUM($J14,21),"00")) | B14: =IF($J14="","",COUNTIFS(Roster!$D$4:$D$500,"Active",Roster!$C$4:$C$500,"<="&$J14)) | C14: =IF($J14="","",SUMIFS('Hours Log'!$C:$C,'Hours Log'!$A:$A,">="&$J14,'Hours Log'!$A:$A,"<"&$J14+7)+SUMIFS('Hours Log'!$D:$D,'Hours Log'!$A:$A,">="&$J14,'Hours Log'!$A:$A,"<"&$J14+7)) | D14: =IF($J14="","",SUMIFS('Hours Log'!$D:$D,'Hours Log'!$A:$A,">="&$J14,'Hours Log'!$A:$A,"<"&$J14+7)) | E14: =IF($J14="","",IFERROR(C14/(B14*40),0)) | F14: =IF($J14="","",0) | G14: =IF($J14="","",SUMIFS('Hours Log'!$E:$E,'Hours Log'!$A:$A,">="&$J14,'Hours Log'!$A:$A,"<"&$J14+7)) | H14: Christmas week | J14: =IF(COUNT('Hours Log'!$A$4:$A$5000)=0,"",IF(MIN('Hours Log'!$A$4:$A$5000)+7*(ROW()-10)>MAX('Hours Log'!$A$4:$A$5000),"",MIN('Hours Log'!$A$4:$A$5000)+7*(ROW()-10)))
A15: =IF($J15="","",YEAR($J15-WEEKDAY($J15,2)+4)&"-W"&TEXT(WEEKNUM($J15,21),"00")) | B15: =IF($J15="","",COUNTIFS(Roster!$D$4:$D$500,"Active",Roster!$C$4:$C$500,"<="&$J15)) | C15: =IF($J15="","",SUMIFS('Hours Log'!$C:$C,'Hours Log'!$A:$A,">="&$J15,'Hours Log'!$A:$A,"<"&$J15+7)+SUMIFS('Hours Log'!$D:$D,'Hours Log'!$A:$A,">="&$J15,'Hours Log'!$A:$A,"<"&$J15+7)) | D15: =IF($J15="","",SUMIFS('Hours Log'!$D:$D,'Hours Log'!$A:$A,">="&$J15,'Hours Log'!$A:$A,"<"&$J15+7)) | E15: =IF($J15="","",IFERROR(C15/(B15*40),0)) | F15: =IF($J15="","",0) | G15: =IF($J15="","",SUMIFS('Hours Log'!$E:$E,'Hours Log'!$A:$A,">="&$J15,'Hours Log'!$A:$A,"<"&$J15+7)) | H15: New Years week | J15: =IF(COUNT('Hours Log'!$A$4:$A$5000)=0,"",IF(MIN('Hours Log'!$A$4:$A$5000)+7*(ROW()-10)>MAX('Hours Log'!$A$4:$A$5000),"",MIN('Hours Log'!$A$4:$A$5000)+7*(ROW()-10)))
A16: =IF($J16="","",YEAR($J16-WEEKDAY($J16,2)+4)&"-W"&TEXT(WEEKNUM($J16,21),"00")) | B16: =IF($J16="","",COUNTIFS(Roster!$D$4:$D$500,"Active",Roster!$C$4:$C$500,"<="&$J16)) | C16: =IF($J16="","",SUMIFS('Hours Log'!$C:$C,'Hours Log'!$A:$A,">="&$J16,'Hours Log'!$A:$A,"<"&$J16+7)+SUMIFS('Hours Log'!$D:$D,'Hours Log'!$A:$A,">="&$J16,'Hours Log'!$A:$A,"<"&$J16+7)) | D16: =IF($J16="","",SUMIFS('Hours Log'!$D:$D,'Hours Log'!$A:$A,">="&$J16,'Hours Log'!$A:$A,"<"&$J16+7)) | E16: =IF($J16="","",IFERROR(C16/(B16*40),0)) | F16: =IF($J16="","",0) | G16: =IF($J16="","",SUMIFS('Hours Log'!$E:$E,'Hours Log'!$A:$A,">="&$J16,'Hours Log'!$A:$A,"<"&$J16+7)) | H16: Full staff return | J16: =IF(COUNT('Hours Log'!$A$4:$A$5000)=0,"",IF(MIN('Hours Log'!$A$4:$A$5000)+7*(ROW()-10)>MAX('Hours Log'!$A$4:$A$5000),"",MIN('Hours Log'!$A$4:$A$5000)+7*(ROW()-10)))
A17: =IF($J17="","",YEAR($J17-WEEKDAY($J17,2)+4)&"-W"&TEXT(WEEKNUM($J17,21),"00")) | B17: =IF($J17="","",COUNTIFS(Roster!$D$4:$D$500,"Active",Roster!$C$4:$C$500,"<="&$J17)) | C17: =IF($J17="","",SUMIFS('Hours Log'!$C:$C,'Hours Log'!$A:$A,">="&$J17,'Hours Log'!$A:$A,"<"&$J17+7)+SUMIFS('Hours Log'!$D:$D,'Hours Log'!$A:$A,">="&$J17,'Hours Log'!$A:$A,"<"&$J17+7)) | D17: =IF($J17="","",SUMIFS('Hours Log'!$D:$D,'Hours Log'!$A:$A,">="&$J17,'Hours Log'!$A:$A,"<"&$J17+7)) | E17: =IF($J17="","",IFERROR(C17/(B17*40),0)) | F17: =IF($J17="","",0) | G17: =IF($J17="","",SUMIFS('Hours Log'!$E:$E,'Hours Log'!$A:$A,">="&$J17,'Hours Log'!$A:$A,"<"&$J17+7)) | J17: =IF(COUNT('Hours Log'!$A$4:$A$5000)=0,"",IF(MIN('Hours Log'!$A$4:$A$5000)+7*(ROW()-10)>MAX('Hours Log'!$A$4:$A$5000),"",MIN('Hours Log'!$A$4:$A$5000)+7*(ROW()-10)))
A18: =IF($J18="","",YEAR($J18-WEEKDAY($J18,2)+4)&"-W"&TEXT(WEEKNUM($J18,21),"00")) | B18: =IF($J18="","",COUNTIFS(Roster!$D$4:$D$500,"Active",Roster!$C$4:$C$500,"<="&$J18)) | C18: =IF($J18="","",SUMIFS('Hours Log'!$C:$C,'Hours Log'!$A:$A,">="&$J18,'Hours Log'!$A:$A,"<"&$J18+7)+SUMIFS('Hours Log'!$D:$D,'Hours Log'!$A:$A,">="&$J18,'Hours Log'!$A:$A,"<"&$J18+7)) | D18: =IF($J18="","",SUMIFS('Hours Log'!$D:$D,'Hours Log'!$A:$A,">="&$J18,'Hours Log'!$A:$A,"<"&$J18+7)) | E18: =IF($J18="","",IFERROR(C18/(B18*40),0)) | F18: =IF($J18="","",0) | G18: =IF($J18="","",SUMIFS('Hours Log'!$E:$E,'Hours Log'!$A:$A,">="&$J18,'Hours Log'!$A:$A,"<"&$J18+7)) | J18: =IF(COUNT('Hours Log'!$A$4:$A$5000)=0,"",IF(MIN('Hours Log'!$A$4:$A$5000)+7*(ROW()-10)>MAX('Hours Log'!$A$4:$A$5000),"",MIN('Hours Log'!$A$4:$A$5000)+7*(ROW()-10)))
A19: =IF($J19="","",YEAR($J19-WEEKDAY($J19,2)+4)&"-W"&TEXT(WEEKNUM($J19,21),"00")) | B19: =IF($J19="","",COUNTIFS(Roster!$D$4:$D$500,"Active",Roster!$C$4:$C$500,"<="&$J19)) | C19: =IF($J19="","",SUMIFS('Hours Log'!$C:$C,'Hours Log'!$A:$A,">="&$J19,'Hours Log'!$A:$A,"<"&$J19+7)+SUMIFS('Hours Log'!$D:$D,'Hours Log'!$A:$A,">="&$J19,'Hours Log'!$A:$A,"<"&$J19+7)) | D19: =IF($J19="","",SUMIFS('Hours Log'!$D:$D,'Hours Log'!$A:$A,">="&$J19,'Hours Log'!$A:$A,"<"&$J19+7)) | E19: =IF($J19="","",IFERROR(C19/(B19*40),0)) | F19: =IF($J19="","",0) | G19: =IF($J19="","",SUMIFS('Hours Log'!$E:$E,'Hours Log'!$A:$A,">="&$J19,'Hours Log'!$A:$A,"<"&$J19+7)) | J19: =IF(COUNT('Hours Log'!$A$4:$A$5000)=0,"",IF(MIN('Hours Log'!$A$4:$A$5000)+7*(ROW()-10)>MAX('Hours Log'!$A$4:$A$5000),"",MIN('Hours Log'!$A$4:$A$5000)+7*(ROW()-10)))
A20: =IF($J20="","",YEAR($J20-WEEKDAY($J20,2)+4)&"-W"&TEXT(WEEKNUM($J20,21),"00")) | B20: =IF($J20="","",COUNTIFS(Roster!$D$4:$D$500,"Active",Roster!$C$4:$C$500,"<="&$J20)) | C20: =IF($J20="","",SUMIFS('Hours Log'!$C:$C,'Hours Log'!$A:$A,">="&$J20,'Hours Log'!$A:$A,"<"&$J20+7)+SUMIFS('Hours Log'!$D:$D,'Hours Log'!$A:$A,">="&$J20,'Hours Log'!$A:$A,"<"&$J20+7)) | D20: =IF($J20="","",SUMIFS('Hours Log'!$D:$D,'Hours Log'!$A:$A,">="&$J20,'Hours Log'!$A:$A,"<"&$J20+7)) | E20: =IF($J20="","",IFERROR(C20/(B20*40),0)) | F20: =IF($J20="","",0) | G20: =IF($J20="","",SUMIFS('Hours Log'!$E:$E,'Hours Log'!$A:$A,">="&$J20,'Hours Log'!$A:$A,"<"&$J20+7)) | J20: =IF(COUNT('Hours Log'!$A$4:$A$5000)=0,"",IF(MIN('Hours Log'!$A$4:$A$5000)+7*(ROW()-10)>MAX('Hours Log'!$A$4:$A$5000),"",MIN('Hours Log'!$A$4:$A$5000)+7*(ROW()-10)))
A21: =IF($J21="","",YEAR($J21-WEEKDAY($J21,2)+4)&"-W"&TEXT(WEEKNUM($J21,21),"00")) | B21: =IF($J21="","",COUNTIFS(Roster!$D$4:$D$500,"Active",Roster!$C$4:$C$500,"<="&$J21)) | C21: =IF($J21="","",SUMIFS('Hours Log'!$C:$C,'Hours Log'!$A:$A,">="&$J21,'Hours Log'!$A:$A,"<"&$J21+7)+SUMIFS('Hours Log'!$D:$D,'Hours Log'!$A:$A,">="&$J21,'Hours Log'!$A:$A,"<"&$J21+7)) | D21: =IF($J21="","",SUMIFS('Hours Log'!$D:$D,'Hours Log'!$A:$A,">="&$J21,'Hours Log'!$A:$A,"<"&$J21+7)) | E21: =IF($J21="","",IFERROR(C21/(B21*40),0)) | F21: =IF($J21="","",0) | G21: =IF($J21="","",SUMIFS('Hours Log'!$E:$E,'Hours Log'!$A:$A,">="&$J21,'Hours Log'!$A:$A,"<"&$J21+7)) | J21: =IF(COUNT('Hours Log'!$A$4:$A$5000)=0,"",IF(MIN('Hours Log'!$A$4:$A$5000)+7*(ROW()-10)>MAX('Hours Log'!$A$4:$A$5000),"",MIN('Hours Log'!$A$4:$A$5000)+7*(ROW()-10)))
A22: =IF($J22="","",YEAR($J22-WEEKDAY($J22,2)+4)&"-W"&TEXT(WEEKNUM($J22,21),"00")) | B22: =IF($J22="","",COUNTIFS(Roster!$D$4:$D$500,"Active",Roster!$C$4:$C$500,"<="&$J22)) | C22: =IF($J22="","",SUMIFS('Hours Log'!$C:$C,'Hours Log'!$A:$A,">="&$J22,'Hours Log'!$A:$A,"<"&$J22+7)+SUMIFS('Hours Log'!$D:$D,'Hours Log'!$A:$A,">="&$J22,'Hours Log'!$A:$A,"<"&$J22+7)) | D22: =IF($J22="","",SUMIFS('Hours Log'!$D:$D,'Hours Log'!$A:$A,">="&$J22,'Hours Log'!$A:$A,"<"&$J22+7)) | E22: =IF($J22="","",IFERROR(C22/(B22*40),0)) | F22: =IF($J22="","",0) | G22: =IF($J22="","",SUMIFS('Hours Log'!$E:$E,'Hours Log'!$A:$A,">="&$J22,'Hours Log'!$A:$A,"<"&$J22+7)) | J22: =IF(COUNT('Hours Log'!$A$4:$A$5000)=0,"",IF(MIN('Hours Log'!$A$4:$A$5000)+7*(ROW()-10)>MAX('Hours Log'!$A$4:$A$5000),"",MIN('Hours Log'!$A$4:$A$5000)+7*(ROW()-10)))
A23: =IF($J23="","",YEAR($J23-WEEKDAY($J23,2)+4)&"-W"&TEXT(WEEKNUM($J23,21),"00")) | B23: =IF($J23="","",COUNTIFS(Roster!$D$4:$D$500,"Active",Roster!$C$4:$C$500,"<="&$J23)) | C23: =IF($J23="","",SUMIFS('Hours Log'!$C:$C,'Hours Log'!$A:$A,">="&$J23,'Hours Log'!$A:$A,"<"&$J23+7)+SUMIFS('Hours Log'!$D:$D,'Hours Log'!$A:$A,">="&$J23,'Hours Log'!$A:$A,"<"&$J23+7)) | D23: =IF($J23="","",SUMIFS('Hours Log'!$D:$D,'Hours Log'!$A:$A,">="&$J23,'Hours Log'!$A:$A,"<"&$J23+7)) | E23: =IF($J23="","",IFERROR(C23/(B23*40),0)) | F23: =IF($J23="","",0) | G23: =IF($J23="","",SUMIFS('Hours Log'!$E:$E,'Hours Log'!$A:$A,">="&$J23,'Hours Log'!$A:$A,"<"&$J23+7)) | J23: =IF(COUNT('Hours Log'!$A$4:$A$5000)=0,"",IF(MIN('Hours Log'!$A$4:$A$5000)+7*(ROW()-10)>MAX('Hours Log'!$A$4:$A$5000),"",MIN('Hours Log'!$A$4:$A$5000)+7*(ROW()-10)))
A24: =IF($J24="","",YEAR($J24-WEEKDAY($J24,2)+4)&"-W"&TEXT(WEEKNUM($J24,21),"00")) | B24: =IF($J24="","",COUNTIFS(Roster!$D$4:$D$500,"Active",Roster!$C$4:$C$500,"<="&$J24)) | C24: =IF($J24="","",SUMIFS('Hours Log'!$C:$C,'Hours Log'!$A:$A,">="&$J24,'Hours Log'!$A:$A,"<"&$J24+7)+SUMIFS('Hours Log'!$D:$D,'Hours Log'!$A:$A,">="&$J24,'Hours Log'!$A:$A,"<"&$J24+7)) | D24: =IF($J24="","",SUMIFS('Hours Log'!$D:$D,'Hours Log'!$A:$A,">="&$J24,'Hours Log'!$A:$A,"<"&$J24+7)) | E24: =IF($J24="","",IFERROR(C24/(B24*40),0)) | F24: =IF($J24="","",0) | G24: =IF($J24="","",SUMIFS('Hours Log'!$E:$E,'Hours Log'!$A:$A,">="&$J24,'Hours Log'!$A:$A,"<"&$J24+7)) | J24: =IF(COUNT('Hours Log'!$A$4:$A$5000)=0,"",IF(MIN('Hours Log'!$A$4:$A$5000)+7*(ROW()-10)>MAX('Hours Log'!$A$4:$A$5000),"",MIN('Hours Log'!$A$4:$A$5000)+7*(ROW()-10)))
A25: =IF($J25="","",YEAR($J25-WEEKDAY($J25,2)+4)&"-W"&TEXT(WEEKNUM($J25,21),"00")) | B25: =IF($J25="","",COUNTIFS(Roster!$D$4:$D$500,"Active",Roster!$C$4:$C$500,"<="&$J25)) | C25: =IF($J25="","",SUMIFS('Hours Log'!$C:$C,'Hours Log'!$A:$A,">="&$J25,'Hours Log'!$A:$A,"<"&$J25+7)+SUMIFS('Hours Log'!$D:$D,'Hours Log'!$A:$A,">="&$J25,'Hours Log'!$A:$A,"<"&$J25+7)) | D25: =IF($J25="","",SUMIFS('Hours Log'!$D:$D,'Hours Log'!$A:$A,">="&$J25,'Hours Log'!$A:$A,"<"&$J25+7)) | E25: =IF($J25="","",IFERROR(C25/(B25*40),0)) | F25: =IF($J25="","",0) | G25: =IF($J25="","",SUMIFS('Hours Log'!$E:$E,'Hours Log'!$A:$A,">="&$J25,'Hours Log'!$A:$A,"<"&$J25+7)) | J25: =IF(COUNT('Hours Log'!$A$4:$A$5000)=0,"",IF(MIN('Hours Log'!$A$4:$A$5000)+7*(ROW()-10)>MAX('Hours Log'!$A$4:$A$5000),"",MIN('Hours Log'!$A$4:$A$5000)+7*(ROW()-10)))
A26: =IF($J26="","",YEAR($J26-WEEKDAY($J26,2)+4)&"-W"&TEXT(WEEKNUM($J26,21),"00")) | B26: =IF($J26="","",COUNTIFS(Roster!$D$4:$D$500,"Active",Roster!$C$4:$C$500,"<="&$J26)) | C26: =IF($J26="","",SUMIFS('Hours Log'!$C:$C,'Hours Log'!$A:$A,">="&$J26,'Hours Log'!$A:$A,"<"&$J26+7)+SUMIFS('Hours Log'!$D:$D,'Hours Log'!$A:$A,">="&$J26,'Hours Log'!$A:$A,"<"&$J26+7)) | D26: =IF($J26="","",SUMIFS('Hours Log'!$D:$D,'Hours Log'!$A:$A,">="&$J26,'Hours Log'!$A:$A,"<"&$J26+7)) | E26: =IF($J26="","",IFERROR(C26/(B26*40),0)) | F26: =IF($J26="","",0) | G26: =IF($J26="","",SUMIFS('Hours Log'!$E:$E,'Hours Log'!$A:$A,">="&$J26,'Hours Log'!$A:$A,"<"&$J26+7)) | H26: Safety training | J26: =IF(COUNT('Hours Log'!$A$4:$A$5000)=0,"",IF(MIN('Hours Log'!$A$4:$A$5000)+7*(ROW()-10)>MAX('Hours Log'!$A$4:$A$5000),"",MIN('Hours Log'!$A$4:$A$5000)+7*(ROW()-10)))
A27: =IF($J27="","",YEAR($J27-WEEKDAY($J27,2)+4)&"-W"&TEXT(WEEKNUM($J27,21),"00")) | B27: =IF($J27="","",COUNTIFS(Roster!$D$4:$D$500,"Active",Roster!$C$4:$C$500,"<="&$J27)) | C27: =IF($J27="","",SUMIFS('Hours Log'!$C:$C,'Hours Log'!$A:$A,">="&$J27,'Hours Log'!$A:$A,"<"&$J27+7)+SUMIFS('Hours Log'!$D:$D,'Hours Log'!$A:$A,">="&$J27,'Hours Log'!$A:$A,"<"&$J27+7)) | D27: =IF($J27="","",SUMIFS('Hours Log'!$D:$D,'Hours Log'!$A:$A,">="&$J27,'Hours Log'!$A:$A,"<"&$J27+7)) | E27: =IF($J27="","",IFERROR(C27/(B27*40),0)) | F27: =IF($J27="","",0) | G27: =IF($J27="","",SUMIFS('Hours Log'!$E:$E,'Hours Log'!$A:$A,">="&$J27,'Hours Log'!$A:$A,"<"&$J27+7)) | J27: =IF(COUNT('Hours Log'!$A$4:$A$5000)=0,"",IF(MIN('Hours Log'!$A$4:$A$5000)+7*(ROW()-10)>MAX('Hours Log'!$A$4:$A$5000),"",MIN('Hours Log'!$A$4:$A$5000)+7*(ROW()-10)))
A28: =IF($J28="","",YEAR($J28-WEEKDAY($J28,2)+4)&"-W"&TEXT(WEEKNUM($J28,21),"00")) | B28: =IF($J28="","",COUNTIFS(Roster!$D$4:$D$500,"Active",Roster!$C$4:$C$500,"<="&$J28)) | C28: =IF($J28="","",SUMIFS('Hours Log'!$C:$C,'Hours Log'!$A:$A,">="&$J28,'Hours Log'!$A:$A,"<"&$J28+7)+SUMIFS('Hours Log'!$D:$D,'Hours Log'!$A:$A,">="&$J28,'Hours Log'!$A:$A,"<"&$J28+7)) | D28: =IF($J28="","",SUMIFS('Hours Log'!$D:$D,'Hours Log'!$A:$A,">="&$J28,'Hours Log'!$A:$A,"<"&$J28+7)) | E28: =IF($J28="","",IFERROR(C28/(B28*40),0)) | F28: =IF($J28="","",0) | G28: =IF($J28="","",SUMIFS('Hours Log'!$E:$E,'Hours Log'!$A:$A,">="&$J28,'Hours Log'!$A:$A,"<"&$J28+7)) | H28: New hire week 1 | J28: =IF(COUNT('Hours Log'!$A$4:$A$5000)=0,"",IF(MIN('Hours Log'!$A$4:$A$5000)+7*(ROW()-10)>MAX('Hours Log'!$A$4:$A$5000),"",MIN('Hours Log'!$A$4:$A$5000)+7*(ROW()-10)))
A29: =IF($J29="","",YEAR($J29-WEEKDAY($J29,2)+4)&"-W"&TEXT(WEEKNUM($J29,21),"00")) | B29: =IF($J29="","",COUNTIFS(Roster!$D$4:$D$500,"Active",Roster!$C$4:$C$500,"<="&$J29)) | C29: =IF($J29="","",SUMIFS('Hours Log'!$C:$C,'Hours Log'!$A:$A,">="&$J29,'Hours Log'!$A:$A,"<"&$J29+7)+SUMIFS('Hours Log'!$D:$D,'Hours Log'!$A:$A,">="&$J29,'Hours Log'!$A:$A,"<"&$J29+7)) | D29: =IF($J29="","",SUMIFS('Hours Log'!$D:$D,'Hours Log'!$A:$A,">="&$J29,'Hours Log'!$A:$A,"<"&$J29+7)) | E29: =IF($J29="","",IFERROR(C29/(B29*40),0)) | F29: =IF($J29="","",0) | G29: =IF($J29="","",SUMIFS('Hours Log'!$E:$E,'Hours Log'!$A:$A,">="&$J29,'Hours Log'!$A:$A,"<"&$J29+7)) | J29: =IF(COUNT('Hours Log'!$A$4:$A$5000)=0,"",IF(MIN('Hours Log'!$A$4:$A$5000)+7*(ROW()-10)>MAX('Hours Log'!$A$4:$A$5000),"",MIN('Hours Log'!$A$4:$A$5000)+7*(ROW()-10)))
A30: =IF($J30="","",YEAR($J30-WEEKDAY($J30,2)+4)&"-W"&TEXT(WEEKNUM($J30,21),"00")) | B30: =IF($J30="","",COUNTIFS(Roster!$D$4:$D$500,"Active",Roster!$C$4:$C$500,"<="&$J30)) | C30: =IF($J30="","",SUMIFS('Hours Log'!$C:$C,'Hours Log'!$A:$A,">="&$J30,'Hours Log'!$A:$A,"<"&$J30+7)+SUMIFS('Hours Log'!$D:$D,'Hours Log'!$A:$A,">="&$J30,'Hours Log'!$A:$A,"<"&$J30+7)) | D30: =IF($J30="","",SUMIFS('Hours Log'!$D:$D,'Hours Log'!$A:$A,">="&$J30,'Hours Log'!$A:$A,"<"&$J30+7)) | E30: =IF($J30="","",IFERROR(C30/(B30*40),0)) | F30: =IF($J30="","",0) | G30: =IF($J30="","",SUMIFS('Hours Log'!$E:$E,'Hours Log'!$A:$A,">="&$J30,'Hours Log'!$A:$A,"<"&$J30+7)) | H30: Backfill in progress | J30: =IF(COUNT('Hours Log'!$A$4:$A$5000)=0,"",IF(MIN('Hours Log'!$A$4:$A$5000)+7*(ROW()-10)>MAX('Hours Log'!$A$4:$A$5000),"",MIN('Hours Log'!$A$4:$A$5000)+7*(ROW()-10)))
A31: =IF($J31="","",YEAR($J31-WEEKDAY($J31,2)+4)&"-W"&TEXT(WEEKNUM($J31,21),"00")) | B31: =IF($J31="","",COUNTIFS(Roster!$D$4:$D$500,"Active",Roster!$C$4:$C$500,"<="&$J31)) | C31: =IF($J31="","",SUMIFS('Hours Log'!$C:$C,'Hours Log'!$A:$A,">="&$J31,'Hours Log'!$A:$A,"<"&$J31+7)+SUMIFS('Hours Log'!$D:$D,'Hours Log'!$A:$A,">="&$J31,'Hours Log'!$A:$A,"<"&$J31+7)) | D31: =IF($J31="","",SUMIFS('Hours Log'!$D:$D,'Hours Log'!$A:$A,">="&$J31,'Hours Log'!$A:$A,"<"&$J31+7)) | E31: =IF($J31="","",IFERROR(C31/(B31*40),0)) | F31: =IF($J31="","",0) | G31: =IF($J31="","",SUMIFS('Hours Log'!$E:$E,'Hours Log'!$A:$A,">="&$J31,'Hours Log'!$A:$A,"<"&$J31+7)) | J31: =IF(COUNT('Hours Log'!$A$4:$A$5000)=0,"",IF(MIN('Hours Log'!$A$4:$A$5000)+7*(ROW()-10)>MAX('Hours Log'!$A$4:$A$5000),"",MIN('Hours Log'!$A$4:$A$5000)+7*(ROW()-10)))
A32: =IF($J32="","",YEAR($J32-WEEKDAY($J32,2)+4)&"-W"&TEXT(WEEKNUM($J32,21),"00")) | B32: =IF($J32="","",COUNTIFS(Roster!$D$4:$D$500,"Active",Roster!$C$4:$C$500,"<="&$J32)) | C32: =IF($J32="","",SUMIFS('Hours Log'!$C:$C,'Hours Log'!$A:$A,">="&$J32,'Hours Log'!$A:$A,"<"&$J32+7)+SUMIFS('Hours Log'!$D:$D,'Hours Log'!$A:$A,">="&$J32,'Hours Log'!$A:$A,"<"&$J32+7)) | D32: =IF($J32="","",SUMIFS('Hours Log'!$D:$D,'Hours Log'!$A:$A,">="&$J32,'Hours Log'!$A:$A,"<"&$J32+7)) | E32: =IF($J32="","",IFERROR(C32/(B32*40),0)) | F32: =IF($J32="","",0) | G32: =IF($J32="","",SUMIFS('Hours Log'!$E:$E,'Hours Log'!$A:$A,">="&$J32,'Hours Log'!$A:$A,"<"&$J32+7)) | H32: Backfill in progress | J32: =IF(COUNT('Hours Log'!$A$4:$A$5000)=0,"",IF(MIN('Hours Log'!$A$4:$A$5000)+7*(ROW()-10)>MAX('Hours Log'!$A$4:$A$5000),"",MIN('Hours Log'!$A$4:$A$5000)+7*(ROW()-10)))
A33: =IF($J33="","",YEAR($J33-WEEKDAY($J33,2)+4)&"-W"&TEXT(WEEKNUM($J33,21),"00")) | B33: =IF($J33="","",COUNTIFS(Roster!$D$4:$D$500,"Active",Roster!$C$4:$C$500,"<="&$J33)) | C33: =IF($J33="","",SUMIFS('Hours Log'!$C:$C,'Hours Log'!$A:$A,">="&$J33,'Hours Log'!$A:$A,"<"&$J33+7)+SUMIFS('Hours Log'!$D:$D,'Hours Log'!$A:$A,">="&$J33,'Hours Log'!$A:$A,"<"&$J33+7)) | D33: =IF($J33="","",SUMIFS('Hours Log'!$D:$D,'Hours Log'!$A:$A,">="&$J33,'Hours Log'!$A:$A,"<"&$J33+7)) | E33: =IF($J33="","",IFERROR(C33/(B33*40),0)) | F33: =IF($J33="","",0) | G33: =IF($J33="","",SUMIFS('Hours Log'!$E:$E,'Hours Log'!$A:$A,">="&$J33,'Hours Log'!$A:$A,"<"&$J33+7)) | J33: =IF(COUNT('Hours Log'!$A$4:$A$5000)=0,"",IF(MIN('Hours Log'!$A$4:$A$5000)+7*(ROW()-10)>MAX('Hours Log'!$A$4:$A$5000),"",MIN('Hours Log'!$A$4:$A$5000)+7*(ROW()-10)))
A34: =IF($J34="","",YEAR($J34-WEEKDAY($J34,2)+4)&"-W"&TEXT(WEEKNUM($J34,21),"00")) | B34: =IF($J34="","",COUNTIFS(Roster!$D$4:$D$500,"Active",Roster!$C$4:$C$500,"<="&$J34)) | C34: =IF($J34="","",SUMIFS('Hours Log'!$C:$C,'Hours Log'!$A:$A,">="&$J34,'Hours Log'!$A:$A,"<"&$J34+7)+SUMIFS('Hours Log'!$D:$D,'Hours Log'!$A:$A,">="&$J34,'Hours Log'!$A:$A,"<"&$J34+7)) | D34: =IF($J34="","",SUMIFS('Hours Log'!$D:$D,'Hours Log'!$A:$A,">="&$J34,'Hours Log'!$A:$A,"<"&$J34+7)) | E34: =IF($J34="","",IFERROR(C34/(B34*40),0)) | F34: =IF($J34="","",0) | G34: =IF($J34="","",SUMIFS('Hours Log'!$E:$E,'Hours Log'!$A:$A,">="&$J34,'Hours Log'!$A:$A,"<"&$J34+7)) | J34: =IF(COUNT('Hours Log'!$A$4:$A$5000)=0,"",IF(MIN('Hours Log'!$A$4:$A$5000)+7*(ROW()-10)>MAX('Hours Log'!$A$4:$A$5000),"",MIN('Hours Log'!$A$4:$A$5000)+7*(ROW()-10)))
A35: =IF($J35="","",YEAR($J35-WEEKDAY($J35,2)+4)&"-W"&TEXT(WEEKNUM($J35,21),"00")) | B35: =IF($J35="","",COUNTIFS(Roster!$D$4:$D$500,"Active",Roster!$C$4:$C$500,"<="&$J35)) | C35: =IF($J35="","",SUMIFS('Hours Log'!$C:$C,'Hours Log'!$A:$A,">="&$J35,'Hours Log'!$A:$A,"<"&$J35+7)+SUMIFS('Hours Log'!$D:$D,'Hours Log'!$A:$A,">="&$J35,'Hours Log'!$A:$A,"<"&$J35+7)) | D35: =IF($J35="","",SUMIFS('Hours Log'!$D:$D,'Hours Log'!$A:$A,">="&$J35,'Hours Log'!$A:$A,"<"&$J35+7)) | E35: =IF($J35="","",IFERROR(C35/(B35*40),0)) | F35: =IF($J35="","",0) | G35: =IF($J35="","",SUMIFS('Hours Log'!$E:$E,'Hours Log'!$A:$A,">="&$J35,'Hours Log'!$A:$A,"<"&$J35+7)) | J35: =IF(COUNT('Hours Log'!$A$4:$A$5000)=0,"",IF(MIN('Hours Log'!$A$4:$A$5000)+7*(ROW()-10)>MAX('Hours Log'!$A$4:$A$5000),"",MIN('Hours Log'!$A$4:$A$5000)+7*(ROW()-10)))
A36: =IF($J36="","",YEAR($J36-WEEKDAY($J36,2)+4)&"-W"&TEXT(WEEKNUM($J36,21),"00")) | B36: =IF($J36="","",COUNTIFS(Roster!$D$4:$D$500,"Active",Roster!$C$4:$C$500,"<="&$J36)) | C36: =IF($J36="","",SUMIFS('Hours Log'!$C:$C,'Hours Log'!$A:$A,">="&$J36,'Hours Log'!$A:$A,"<"&$J36+7)+SUMIFS('Hours Log'!$D:$D,'Hours Log'!$A:$A,">="&$J36,'Hours Log'!$A:$A,"<"&$J36+7)) | D36: =IF($J36="","",SUMIFS('Hours Log'!$D:$D,'Hours Log'!$A:$A,">="&$J36,'Hours Log'!$A:$A,"<"&$J36+7)) | E36: =IF($J36="","",IFERROR(C36/(B36*40),0)) | F36: =IF($J36="","",0) | G36: =IF($J36="","",SUMIFS('Hours Log'!$E:$E,'Hours Log'!$A:$A,">="&$J36,'Hours Log'!$A:$A,"<"&$J36+7)) | J36: =IF(COUNT('Hours Log'!$A$4:$A$5000)=0,"",IF(MIN('Hours Log'!$A$4:$A$5000)+7*(ROW()-10)>MAX('Hours Log'!$A$4:$A$5000),"",MIN('Hours Log'!$A$4:$A$5000)+7*(ROW()-10)))
A37: =IF($J37="","",YEAR($J37-WEEKDAY($J37,2)+4)&"-W"&TEXT(WEEKNUM($J37,21),"00")) | B37: =IF($J37="","",COUNTIFS(Roster!$D$4:$D$500,"Active",Roster!$C$4:$C$500,"<="&$J37)) | C37: =IF($J37="","",SUMIFS('Hours Log'!$C:$C,'Hours Log'!$A:$A,">="&$J37,'Hours Log'!$A:$A,"<"&$J37+7)+SUMIFS('Hours Log'!$D:$D,'Hours Log'!$A:$A,">="&$J37,'Hours Log'!$A:$A,"<"&$J37+7)) | D37: =IF($J37="","",SUMIFS('Hours Log'!$D:$D,'Hours Log'!$A:$A,">="&$J37,'Hours Log'!$A:$A,"<"&$J37+7)) | E37: =IF($J37="","",IFERROR(C37/(B37*40),0)) | F37: =IF($J37="","",0) | G37: =IF($J37="","",SUMIFS('Hours Log'!$E:$E,'Hours Log'!$A:$A,">="&$J37,'Hours Log'!$A:$A,"<"&$J37+7)) | J37: =IF(COUNT('Hours Log'!$A$4:$A$5000)=0,"",IF(MIN('Hours Log'!$A$4:$A$5000)+7*(ROW()-10)>MAX('Hours Log'!$A$4:$A$5000),"",MIN('Hours Log'!$A$4:$A$5000)+7*(ROW()-10)))
A38: =IF($J38="","",YEAR($J38-WEEKDAY($J38,2)+4)&"-W"&TEXT(WEEKNUM($J38,21),"00")) | B38: =IF($J38="","",COUNTIFS(Roster!$D$4:$D$500,"Active",Roster!$C$4:$C$500,"<="&$J38)) | C38: =IF($J38="","",SUMIFS('Hours Log'!$C:$C,'Hours Log'!$A:$A,">="&$J38,'Hours Log'!$A:$A,"<"&$J38+7)+SUMIFS('Hours Log'!$D:$D,'Hours Log'!$A:$A,">="&$J38,'Hours Log'!$A:$A,"<"&$J38+7)) | D38: =IF($J38="","",SUMIFS('Hours Log'!$D:$D,'Hours Log'!$A:$A,">="&$J38,'Hours Log'!$A:$A,"<"&$J38+7)) | E38: =IF($J38="","",IFERROR(C38/(B38*40),0)) | F38: =IF($J38="","",0) | G38: =IF($J38="","",SUMIFS('Hours Log'!$E:$E,'Hours Log'!$A:$A,">="&$J38,'Hours Log'!$A:$A,"<"&$J38+7)) | H38: Safety training | J38: =IF(COUNT('Hours Log'!$A$4:$A$5000)=0,"",IF(MIN('Hours Log'!$A$4:$A$5000)+7*(ROW()-10)>MAX('Hours Log'!$A$4:$A$5000),"",MIN('Hours Log'!$A$4:$A$5000)+7*(ROW()-10)))
A39: =IF($J39="","",YEAR($J39-WEEKDAY($J39,2)+4)&"-W"&TEXT(WEEKNUM($J39,21),"00")) | B39: =IF($J39="","",COUNTIFS(Roster!$D$4:$D$500,"Active",Roster!$C$4:$C$500,"<="&$J39)) | C39: =IF($J39="","",SUMIFS('Hours Log'!$C:$C,'Hours Log'!$A:$A,">="&$J39,'Hours Log'!$A:$A,"<"&$J39+7)+SUMIFS('Hours Log'!$D:$D,'Hours Log'!$A:$A,">="&$J39,'Hours Log'!$A:$A,"<"&$J39+7)) | D39: =IF($J39="","",SUMIFS('Hours Log'!$D:$D,'Hours Log'!$A:$A,">="&$J39,'Hours Log'!$A:$A,"<"&$J39+7)) | E39: =IF($J39="","",IFERROR(C39/(B39*40),0)) | F39: =IF($J39="","",0) | G39: =IF($J39="","",SUMIFS('Hours Log'!$E:$E,'Hours Log'!$A:$A,">="&$J39,'Hours Log'!$A:$A,"<"&$J39+7)) | J39: =IF(COUNT('Hours Log'!$A$4:$A$5000)=0,"",IF(MIN('Hours Log'!$A$4:$A$5000)+7*(ROW()-10)>MAX('Hours Log'!$A$4:$A$5000),"",MIN('Hours Log'!$A$4:$A$5000)+7*(ROW()-10)))
A40: =IF($J40="","",YEAR($J40-WEEKDAY($J40,2)+4)&"-W"&TEXT(WEEKNUM($J40,21),"00")) | B40: =IF($J40="","",COUNTIFS(Roster!$D$4:$D$500,"Active",Roster!$C$4:$C$500,"<="&$J40)) | C40: =IF($J40="","",SUMIFS('Hours Log'!$C:$C,'Hours Log'!$A:$A,">="&$J40,'Hours Log'!$A:$A,"<"&$J40+7)+SUMIFS('Hours Log'!$D:$D,'Hours Log'!$A:$A,">="&$J40,'Hours Log'!$A:$A,"<"&$J40+7)) | D40: =IF($J40="","",SUMIFS('Hours Log'!$D:$D,'Hours Log'!$A:$A,">="&$J40,'Hours Log'!$A:$A,"<"&$J40+7)) | E40: =IF($J40="","",IFERROR(C40/(B40*40),0)) | F40: =IF($J40="","",0) | G40: =IF($J40="","",SUMIFS('Hours Log'!$E:$E,'Hours Log'!$A:$A,">="&$J40,'Hours Log'!$A:$A,"<"&$J40+7)) | J40: =IF(COUNT('Hours Log'!$A$4:$A$5000)=0,"",IF(MIN('Hours Log'!$A$4:$A$5000)+7*(ROW()-10)>MAX('Hours Log'!$A$4:$A$5000),"",MIN('Hours Log'!$A$4:$A$5000)+7*(ROW()-10)))
A41: =IF($J41="","",YEAR($J41-WEEKDAY($J41,2)+4)&"-W"&TEXT(WEEKNUM($J41,21),"00")) | B41: =IF($J41="","",COUNTIFS(Roster!$D$4:$D$500,"Active",Roster!$C$4:$C$500,"<="&$J41)) | C41: =IF($J41="","",SUMIFS('Hours Log'!$C:$C,'Hours Log'!$A:$A,">="&$J41,'Hours Log'!$A:$A,"<"&$J41+7)+SUMIFS('Hours Log'!$D:$D,'Hours Log'!$A:$A,">="&$J41,'Hours Log'!$A:$A,"<"&$J41+7)) | D41: =IF($J41="","",SUMIFS('Hours Log'!$D:$D,'Hours Log'!$A:$A,">="&$J41,'Hours Log'!$A:$A,"<"&$J41+7)) | E41: =IF($J41="","",IFERROR(C41/(B41*40),0)) | F41: =IF($J41="","",0) | G41: =IF($J41="","",SUMIFS('Hours Log'!$E:$E,'Hours Log'!$A:$A,">="&$J41,'Hours Log'!$A:$A,"<"&$J41+7)) | H41: Backfill in progress | J41: =IF(COUNT('Hours Log'!$A$4:$A$5000)=0,"",IF(MIN('Hours Log'!$A$4:$A$5000)+7*(ROW()-10)>MAX('Hours Log'!$A$4:$A$5000),"",MIN('Hours Log'!$A$4:$A$5000)+7*(ROW()-10)))
A42: =IF($J42="","",YEAR($J42-WEEKDAY($J42,2)+4)&"-W"&TEXT(WEEKNUM($J42,21),"00")) | B42: =IF($J42="","",COUNTIFS(Roster!$D$4:$D$500,"Active",Roster!$C$4:$C$500,"<="&$J42)) | C42: =IF($J42="","",SUMIFS('Hours Log'!$C:$C,'Hours Log'!$A:$A,">="&$J42,'Hours Log'!$A:$A,"<"&$J42+7)+SUMIFS('Hours Log'!$D:$D,'Hours Log'!$A:$A,">="&$J42,'Hours Log'!$A:$A,"<"&$J42+7)) | D42: =IF($J42="","",SUMIFS('Hours Log'!$D:$D,'Hours Log'!$A:$A,">="&$J42,'Hours Log'!$A:$A,"<"&$J42+7)) | E42: =IF($J42="","",IFERROR(C42/(B42*40),0)) | F42: =IF($J42="","",0) | G42: =IF($J42="","",SUMIFS('Hours Log'!$E:$E,'Hours Log'!$A:$A,">="&$J42,'Hours Log'!$A:$A,"<"&$J42+7)) | J42: =IF(COUNT('Hours Log'!$A$4:$A$5000)=0,"",IF(MIN('Hours Log'!$A$4:$A$5000)+7*(ROW()-10)>MAX('Hours Log'!$A$4:$A$5000),"",MIN('Hours Log'!$A$4:$A$5000)+7*(ROW()-10)))
A43: =IF($J43="","",YEAR($J43-WEEKDAY($J43,2)+4)&"-W"&TEXT(WEEKNUM($J43,21),"00")) | B43: =IF($J43="","",COUNTIFS(Roster!$D$4:$D$500,"Active",Roster!$C$4:$C$500,"<="&$J43)) | C43: =IF($J43="","",SUMIFS('Hours Log'!$C:$C,'Hours Log'!$A:$A,">="&$J43,'Hours Log'!$A:$A,"<"&$J43+7)+SUMIFS('Hours Log'!$D:$D,'Hours Log'!$A:$A,">="&$J43,'Hours Log'!$A:$A,"<"&$J43+7)) | D43: =IF($J43="","",SUMIFS('Hours Log'!$D:$D,'Hours Log'!$A:$A,">="&$J43,'Hours Log'!$A:$A,"<"&$J43+7)) | E43: =IF($J43="","",IFERROR(C43/(B43*40),0)) | F43: =IF($J43="","",0) | G43: =IF($J43="","",SUMIFS('Hours Log'!$E:$E,'Hours Log'!$A:$A,">="&$J43,'Hours Log'!$A:$A,"<"&$J43+7)) | H43: Backfill in progress | J43: =IF(COUNT('Hours Log'!$A$4:$A$5000)=0,"",IF(MIN('Hours Log'!$A$4:$A$5000)+7*(ROW()-10)>MAX('Hours Log'!$A$4:$A$5000),"",MIN('Hours Log'!$A$4:$A$5000)+7*(ROW()-10)))
A44: =IF($J44="","",YEAR($J44-WEEKDAY($J44,2)+4)&"-W"&TEXT(WEEKNUM($J44,21),"00")) | B44: =IF($J44="","",COUNTIFS(Roster!$D$4:$D$500,"Active",Roster!$C$4:$C$500,"<="&$J44)) | C44: =IF($J44="","",SUMIFS('Hours Log'!$C:$C,'Hours Log'!$A:$A,">="&$J44,'Hours Log'!$A:$A,"<"&$J44+7)+SUMIFS('Hours Log'!$D:$D,'Hours Log'!$A:$A,">="&$J44,'Hours Log'!$A:$A,"<"&$J44+7)) | D44: =IF($J44="","",SUMIFS('Hours Log'!$D:$D,'Hours Log'!$A:$A,">="&$J44,'Hours Log'!$A:$A,"<"&$J44+7)) | E44: =IF($J44="","",IFERROR(C44/(B44*40),0)) | F44: =IF($J44="","",0) | G44: =IF($J44="","",SUMIFS('Hours Log'!$E:$E,'Hours Log'!$A:$A,">="&$J44,'Hours Log'!$A:$A,"<"&$J44+7)) | J44: =IF(COUNT('Hours Log'!$A$4:$A$5000)=0,"",IF(MIN('Hours Log'!$A$4:$A$5000)+7*(ROW()-10)>MAX('Hours Log'!$A$4:$A$5000),"",MIN('Hours Log'!$A$4:$A$5000)+7*(ROW()-10)))
A45: =IF($J45="","",YEAR($J45-WEEKDAY($J45,2)+4)&"-W"&TEXT(WEEKNUM($J45,21),"00")) | B45: =IF($J45="","",COUNTIFS(Roster!$D$4:$D$500,"Active",Roster!$C$4:$C$500,"<="&$J45)) | C45: =IF($J45="","",SUMIFS('Hours Log'!$C:$C,'Hours Log'!$A:$A,">="&$J45,'Hours Log'!$A:$A,"<"&$J45+7)+SUMIFS('Hours Log'!$D:$D,'Hours Log'!$A:$A,">="&$J45,'Hours Log'!$A:$A,"<"&$J45+7)) | D45: =IF($J45="","",SUMIFS('Hours Log'!$D:$D,'Hours Log'!$A:$A,">="&$J45,'Hours Log'!$A:$A,"<"&$J45+7)) | E45: =IF($J45="","",IFERROR(C45/(B45*40),0)) | F45: =IF($J45="","",0) | G45: =IF($J45="","",SUMIFS('Hours Log'!$E:$E,'Hours Log'!$A:$A,">="&$J45,'Hours Log'!$A:$A,"<"&$J45+7)) | J45: =IF(COUNT('Hours Log'!$A$4:$A$5000)=0,"",IF(MIN('Hours Log'!$A$4:$A$5000)+7*(ROW()-10)>MAX('Hours Log'!$A$4:$A$5000),"",MIN('Hours Log'!$A$4:$A$5000)+7*(ROW()-10)))
A46: =IF($J46="","",YEAR($J46-WEEKDAY($J46,2)+4)&"-W"&TEXT(WEEKNUM($J46,21),"00")) | B46: =IF($J46="","",COUNTIFS(Roster!$D$4:$D$500,"Active",Roster!$C$4:$C$500,"<="&$J46)) | C46: =IF($J46="","",SUMIFS('Hours Log'!$C:$C,'Hours Log'!$A:$A,">="&$J46,'Hours Log'!$A:$A,"<"&$J46+7)+SUMIFS('Hours Log'!$D:$D,'Hours Log'!$A:$A,">="&$J46,'Hours Log'!$A:$A,"<"&$J46+7)) | D46: =IF($J46="","",SUMIFS('Hours Log'!$D:$D,'Hours Log'!$A:$A,">="&$J46,'Hours Log'!$A:$A,"<"&$J46+7)) | E46: =IF($J46="","",IFERROR(C46/(B46*40),0)) | F46: =IF($J46="","",0) | G46: =IF($J46="","",SUMIFS('Hours Log'!$E:$E,'Hours Log'!$A:$A,">="&$J46,'Hours Log'!$A:$A,"<"&$J46+7)) | J46: =IF(COUNT('Hours Log'!$A$4:$A$5000)=0,"",IF(MIN('Hours Log'!$A$4:$A$5000)+7*(ROW()-10)>MAX('Hours Log'!$A$4:$A$5000),"",MIN('Hours Log'!$A$4:$A$5000)+7*(ROW()-10)))
A47: =IF($J47="","",YEAR($J47-WEEKDAY($J47,2)+4)&"-W"&TEXT(WEEKNUM($J47,21),"00")) | B47: =IF($J47="","",COUNTIFS(Roster!$D$4:$D$500,"Active",Roster!$C$4:$C$500,"<="&$J47)) | C47: =IF($J47="","",SUMIFS('Hours Log'!$C:$C,'Hours Log'!$A:$A,">="&$J47,'Hours Log'!$A:$A,"<"&$J47+7)+SUMIFS('Hours Log'!$D:$D,'Hours Log'!$A:$A,">="&$J47,'Hours Log'!$A:$A,"<"&$J47+7)) | D47: =IF($J47="","",SUMIFS('Hours Log'!$D:$D,'Hours Log'!$A:$A,">="&$J47,'Hours Log'!$A:$A,"<"&$J47+7)) | E47: =IF($J47="","",IFERROR(C47/(B47*40),0)) | F47: =IF($J47="","",0) | G47: =IF($J47="","",SUMIFS('Hours Log'!$E:$E,'Hours Log'!$A:$A,">="&$J47,'Hours Log'!$A:$A,"<"&$J47+7)) | H47: Backfill in progress | J47: =IF(COUNT('Hours Log'!$A$4:$A$5000)=0,"",IF(MIN('Hours Log'!$A$4:$A$5000)+7*(ROW()-10)>MAX('Hours Log'!$A$4:$A$5000),"",MIN('Hours Log'!$A$4:$A$5000)+7*(ROW()-10)))
A48: =IF($J48="","",YEAR($J48-WEEKDAY($J48,2)+4)&"-W"&TEXT(WEEKNUM($J48,21),"00")) | B48: =IF($J48="","",COUNTIFS(Roster!$D$4:$D$500,"Active",Roster!$C$4:$C$500,"<="&$J48)) | C48: =IF($J48="","",SUMIFS('Hours Log'!$C:$C,'Hours Log'!$A:$A,">="&$J48,'Hours Log'!$A:$A,"<"&$J48+7)+SUMIFS('Hours Log'!$D:$D,'Hours Log'!$A:$A,">="&$J48,'Hours Log'!$A:$A,"<"&$J48+7)) | D48: =IF($J48="","",SUMIFS('Hours Log'!$D:$D,'Hours Log'!$A:$A,">="&$J48,'Hours Log'!$A:$A,"<"&$J48+7)) | E48: =IF($J48="","",IFERROR(C48/(B48*40),0)) | F48: =IF($J48="","",0) | G48: =IF($J48="","",SUMIFS('Hours Log'!$E:$E,'Hours Log'!$A:$A,">="&$J48,'Hours Log'!$A:$A,"<"&$J48+7)) | H48: Safety training | J48: =IF(COUNT('Hours Log'!$A$4:$A$5000)=0,"",IF(MIN('Hours Log'!$A$4:$A$5000)+7*(ROW()-10)>MAX('Hours Log'!$A$4:$A$5000),"",MIN('Hours Log'!$A$4:$A$5000)+7*(ROW()-10)))
A49: =IF($J49="","",YEAR($J49-WEEKDAY($J49,2)+4)&"-W"&TEXT(WEEKNUM($J49,21),"00")) | B49: =IF($J49="","",COUNTIFS(Roster!$D$4:$D$500,"Active",Roster!$C$4:$C$500,"<="&$J49)) | C49: =IF($J49="","",SUMIFS('Hours Log'!$C:$C,'Hours Log'!$A:$A,">="&$J49,'Hours Log'!$A:$A,"<"&$J49+7)+SUMIFS('Hours Log'!$D:$D,'Hours Log'!$A:$A,">="&$J49,'Hours Log'!$A:$A,"<"&$J49+7)) | D49: =IF($J49="","",SUMIFS('Hours Log'!$D:$D,'Hours Log'!$A:$A,">="&$J49,'Hours Log'!$A:$A,"<"&$J49+7)) | E49: =IF($J49="","",IFERROR(C49/(B49*40),0)) | F49: =IF($J49="","",0) | G49: =IF($J49="","",SUMIFS('Hours Log'!$E:$E,'Hours Log'!$A:$A,">="&$J49,'Hours Log'!$A:$A,"<"&$J49+7)) | J49: =IF(COUNT('Hours Log'!$A$4:$A$5000)=0,"",IF(MIN('Hours Log'!$A$4:$A$5000)+7*(ROW()-10)>MAX('Hours Log'!$A$4:$A$5000),"",MIN('Hours Log'!$A$4:$A$5000)+7*(ROW()-10)))
A50: =IF($J50="","",YEAR($J50-WEEKDAY($J50,2)+4)&"-W"&TEXT(WEEKNUM($J50,21),"00")) | B50: =IF($J50="","",COUNTIFS(Roster!$D$4:$D$500,"Active",Roster!$C$4:$C$500,"<="&$J50)) | C50: =IF($J50="","",SUMIFS('Hours Log'!$C:$C,'Hours Log'!$A:$A,">="&$J50,'Hours Log'!$A:$A,"<"&$J50+7)+SUMIFS('Hours Log'!$D:$D,'Hours Log'!$A:$A,">="&$J50,'Hours Log'!$A:$A,"<"&$J50+7)) | D50: =IF($J50="","",SUMIFS('Hours Log'!$D:$D,'Hours Log'!$A:$A,">="&$J50,'Hours Log'!$A:$A,"<"&$J50+7)) | E50: =IF($J50="","",IFERROR(C50/(B50*40),0)) | F50: =IF($J50="","",0) | G50: =IF($J50="","",SUMIFS('Hours Log'!$E:$E,'Hours Log'!$A:$A,">="&$J50,'Hours Log'!$A:$A,"<"&$J50+7)) | J50: =IF(COUNT('Hours Log'!$A$4:$A$5000)=0,"",IF(MIN('Hours Log'!$A$4:$A$5000)+7*(ROW()-10)>MAX('Hours Log'!$A$4:$A$5000),"",MIN('Hours Log'!$A$4:$A$5000)+7*(ROW()-10)))
A51: =IF($J51="","",YEAR($J51-WEEKDAY($J51,2)+4)&"-W"&TEXT(WEEKNUM($J51,21),"00")) | B51: =IF($J51="","",COUNTIFS(Roster!$D$4:$D$500,"Active",Roster!$C$4:$C$500,"<="&$J51)) | C51: =IF($J51="","",SUMIFS('Hours Log'!$C:$C,'Hours Log'!$A:$A,">="&$J51,'Hours Log'!$A:$A,"<"&$J51+7)+SUMIFS('Hours Log'!$D:$D,'Hours Log'!$A:$A,">="&$J51,'Hours Log'!$A:$A,"<"&$J51+7)) | D51: =IF($J51="","",SUMIFS('Hours Log'!$D:$D,'Hours Log'!$A:$A,">="&$J51,'Hours Log'!$A:$A,"<"&$J51+7)) | E51: =IF($J51="","",IFERROR(C51/(B51*40),0)) | F51: =IF($J51="","",0) | G51: =IF($J51="","",SUMIFS('Hours Log'!$E:$E,'Hours Log'!$A:$A,">="&$J51,'Hours Log'!$A:$A,"<"&$J51+7)) | J51: =IF(COUNT('Hours Log'!$A$4:$A$5000)=0,"",IF(MIN('Hours Log'!$A$4:$A$5000)+7*(ROW()-10)>MAX('Hours Log'!$A$4:$A$5000),"",MIN('Hours Log'!$A$4:$A$5000)+7*(ROW()-10)))
A52: =IF($J52="","",YEAR($J52-WEEKDAY($J52,2)+4)&"-W"&TEXT(WEEKNUM($J52,21),"00")) | B52: =IF($J52="","",COUNTIFS(Roster!$D$4:$D$500,"Active",Roster!$C$4:$C$500,"<="&$J52)) | C52: =IF($J52="","",SUMIFS('Hours Log'!$C:$C,'Hours Log'!$A:$A,">="&$J52,'Hours Log'!$A:$A,"<"&$J52+7)+SUMIFS('Hours Log'!$D:$D,'Hours Log'!$A:$A,">="&$J52,'Hours Log'!$A:$A,"<"&$J52+7)) | D52: =IF($J52="","",SUMIFS('Hours Log'!$D:$D,'Hours Log'!$A:$A,">="&$J52,'Hours Log'!$A:$A,"<"&$J52+7)) | E52: =IF($J52="","",IFERROR(C52/(B52*40),0)) | F52: =IF($J52="","",0) | G52: =IF($J52="","",SUMIFS('Hours Log'!$E:$E,'Hours Log'!$A:$A,">="&$J52,'Hours Log'!$A:$A,"<"&$J52+7)) | J52: =IF(COUNT('Hours Log'!$A$4:$A$5000)=0,"",IF(MIN('Hours Log'!$A$4:$A$5000)+7*(ROW()-10)>MAX('Hours Log'!$A$4:$A$5000),"",MIN('Hours Log'!$A$4:$A$5000)+7*(ROW()-10)))
A53: =IF($J53="","",YEAR($J53-WEEKDAY($J53,2)+4)&"-W"&TEXT(WEEKNUM($J53,21),"00")) | B53: =IF($J53="","",COUNTIFS(Roster!$D$4:$D$500,"Active",Roster!$C$4:$C$500,"<="&$J53)) | C53: =IF($J53="","",SUMIFS('Hours Log'!$C:$C,'Hours Log'!$A:$A,">="&$J53,'Hours Log'!$A:$A,"<"&$J53+7)+SUMIFS('Hours Log'!$D:$D,'Hours Log'!$A:$A,">="&$J53,'Hours Log'!$A:$A,"<"&$J53+7)) | D53: =IF($J53="","",SUMIFS('Hours Log'!$D:$D,'Hours Log'!$A:$A,">="&$J53,'Hours Log'!$A:$A,"<"&$J53+7)) | E53: =IF($J53="","",IFERROR(C53/(B53*40),0)) | F53: =IF($J53="","",0) | G53: =IF($J53="","",SUMIFS('Hours Log'!$E:$E,'Hours Log'!$A:$A,">="&$J53,'Hours Log'!$A:$A,"<"&$J53+7)) | J53: =IF(COUNT('Hours Log'!$A$4:$A$5000)=0,"",IF(MIN('Hours Log'!$A$4:$A$5000)+7*(ROW()-10)>MAX('Hours Log'!$A$4:$A$5000),"",MIN('Hours Log'!$A$4:$A$5000)+7*(ROW()-10)))
A54: =IF($J54="","",YEAR($J54-WEEKDAY($J54,2)+4)&"-W"&TEXT(WEEKNUM($J54,21),"00")) | B54: =IF($J54="","",COUNTIFS(Roster!$D$4:$D$500,"Active",Roster!$C$4:$C$500,"<="&$J54)) | C54: =IF($J54="","",SUMIFS('Hours Log'!$C:$C,'Hours Log'!$A:$A,">="&$J54,'Hours Log'!$A:$A,"<"&$J54+7)+SUMIFS('Hours Log'!$D:$D,'Hours Log'!$A:$A,">="&$J54,'Hours Log'!$A:$A,"<"&$J54+7)) | D54: =IF($J54="","",SUMIFS('Hours Log'!$D:$D,'Hours Log'!$A:$A,">="&$J54,'Hours Log'!$A:$A,"<"&$J54+7)) | E54: =IF($J54="","",IFERROR(C54/(B54*40),0)) | F54: =IF($J54="","",0) | G54: =IF($J54="","",SUMIFS('Hours Log'!$E:$E,'Hours Log'!$A:$A,">="&$J54,'Hours Log'!$A:$A,"<"&$J54+7)) | J54: =IF(COUNT('Hours Log'!$A$4:$A$5000)=0,"",IF(MIN('Hours Log'!$A$4:$A$5000)+7*(ROW()-10)>MAX('Hours Log'!$A$4:$A$5000),"",MIN('Hours Log'!$A$4:$A$5000)+7*(ROW()-10)))
A55: =IF($J55="","",YEAR($J55-WEEKDAY($J55,2)+4)&"-W"&TEXT(WEEKNUM($J55,21),"00")) | B55: =IF($J55="","",COUNTIFS(Roster!$D$4:$D$500,"Active",Roster!$C$4:$C$500,"<="&$J55)) | C55: =IF($J55="","",SUMIFS('Hours Log'!$C:$C,'Hours Log'!$A:$A,">="&$J55,'Hours Log'!$A:$A,"<"&$J55+7)+SUMIFS('Hours Log'!$D:$D,'Hours Log'!$A:$A,">="&$J55,'Hours Log'!$A:$A,"<"&$J55+7)) | D55: =IF($J55="","",SUMIFS('Hours Log'!$D:$D,'Hours Log'!$A:$A,">="&$J55,'Hours Log'!$A:$A,"<"&$J55+7)) | E55: =IF($J55="","",IFERROR(C55/(B55*40),0)) | F55: =IF($J55="","",0) | G55: =IF($J55="","",SUMIFS('Hours Log'!$E:$E,'Hours Log'!$A:$A,">="&$J55,'Hours Log'!$A:$A,"<"&$J55+7)) | J55: =IF(COUNT('Hours Log'!$A$4:$A$5000)=0,"",IF(MIN('Hours Log'!$A$4:$A$5000)+7*(ROW()-10)>MAX('Hours Log'!$A$4:$A$5000),"",MIN('Hours Log'!$A$4:$A$5000)+7*(ROW()-10)))
A56: =IF($J56="","",YEAR($J56-WEEKDAY($J56,2)+4)&"-W"&TEXT(WEEKNUM($J56,21),"00")) | B56: =IF($J56="","",COUNTIFS(Roster!$D$4:$D$500,"Active",Roster!$C$4:$C$500,"<="&$J56)) | C56: =IF($J56="","",SUMIFS('Hours Log'!$C:$C,'Hours Log'!$A:$A,">="&$J56,'Hours Log'!$A:$A,"<"&$J56+7)+SUMIFS('Hours Log'!$D:$D,'Hours Log'!$A:$A,">="&$J56,'Hours Log'!$A:$A,"<"&$J56+7)) | D56: =IF($J56="","",SUMIFS('Hours Log'!$D:$D,'Hours Log'!$A:$A,">="&$J56,'Hours Log'!$A:$A,"<"&$J56+7)) | E56: =IF($J56="","",IFERROR(C56/(B56*40),0)) | F56: =IF($J56="","",0) | G56: =IF($J56="","",SUMIFS('Hours Log'!$E:$E,'Hours Log'!$A:$A,">="&$J56,'Hours Log'!$A:$A,"<"&$J56+7)) | J56: =IF(COUNT('Hours Log'!$A$4:$A$5000)=0,"",IF(MIN('Hours Log'!$A$4:$A$5000)+7*(ROW()-10)>MAX('Hours Log'!$A$4:$A$5000),"",MIN('Hours Log'!$A$4:$A$5000)+7*(ROW()-10)))
A57: =IF($J57="","",YEAR($J57-WEEKDAY($J57,2)+4)&"-W"&TEXT(WEEKNUM($J57,21),"00")) | B57: =IF($J57="","",COUNTIFS(Roster!$D$4:$D$500,"Active",Roster!$C$4:$C$500,"<="&$J57)) | C57: =IF($J57="","",SUMIFS('Hours Log'!$C:$C,'Hours Log'!$A:$A,">="&$J57,'Hours Log'!$A:$A,"<"&$J57+7)+SUMIFS('Hours Log'!$D:$D,'Hours Log'!$A:$A,">="&$J57,'Hours Log'!$A:$A,"<"&$J57+7)) | D57: =IF($J57="","",SUMIFS('Hours Log'!$D:$D,'Hours Log'!$A:$A,">="&$J57,'Hours Log'!$A:$A,"<"&$J57+7)) | E57: =IF($J57="","",IFERROR(C57/(B57*40),0)) | F57: =IF($J57="","",0) | G57: =IF($J57="","",SUMIFS('Hours Log'!$E:$E,'Hours Log'!$A:$A,">="&$J57,'Hours Log'!$A:$A,"<"&$J57+7)) | J57: =IF(COUNT('Hours Log'!$A$4:$A$5000)=0,"",IF(MIN('Hours Log'!$A$4:$A$5000)+7*(ROW()-10)>MAX('Hours Log'!$A$4:$A$5000),"",MIN('Hours Log'!$A$4:$A$5000)+7*(ROW()-10)))
A58: =IF($J58="","",YEAR($J58-WEEKDAY($J58,2)+4)&"-W"&TEXT(WEEKNUM($J58,21),"00")) | B58: =IF($J58="","",COUNTIFS(Roster!$D$4:$D$500,"Active",Roster!$C$4:$C$500,"<="&$J58)) | C58: =IF($J58="","",SUMIFS('Hours Log'!$C:$C,'Hours Log'!$A:$A,">="&$J58,'Hours Log'!$A:$A,"<"&$J58+7)+SUMIFS('Hours Log'!$D:$D,'Hours Log'!$A:$A,">="&$J58,'Hours Log'!$A:$A,"<"&$J58+7)) | D58: =IF($J58="","",SUMIFS('Hours Log'!$D:$D,'Hours Log'!$A:$A,">="&$J58,'Hours Log'!$A:$A,"<"&$J58+7)) | E58: =IF($J58="","",IFERROR(C58/(B58*40),0)) | F58: =IF($J58="","",0) | G58: =IF($J58="","",SUMIFS('Hours Log'!$E:$E,'Hours Log'!$A:$A,">="&$J58,'Hours Log'!$A:$A,"<"&$J58+7)) | J58: =IF(COUNT('Hours Log'!$A$4:$A$5000)=0,"",IF(MIN('Hours Log'!$A$4:$A$5000)+7*(ROW()-10)>MAX('Hours Log'!$A$4:$A$5000),"",MIN('Hours Log'!$A$4:$A$5000)+7*(ROW()-10)))
A59: =IF($J59="","",YEAR($J59-WEEKDAY($J59,2)+4)&"-W"&TEXT(WEEKNUM($J59,21),"00")) | B59: =IF($J59="","",COUNTIFS(Roster!$D$4:$D$500,"Active",Roster!$C$4:$C$500,"<="&$J59)) | C59: =IF($J59="","",SUMIFS('Hours Log'!$C:$C,'Hours Log'!$A:$A,">="&$J59,'Hours Log'!$A:$A,"<"&$J59+7)+SUMIFS('Hours Log'!$D:$D,'Hours Log'!$A:$A,">="&$J59,'Hours Log'!$A:$A,"<"&$J59+7)) | D59: =IF($J59="","",SUMIFS('Hours Log'!$D:$D,'Hours Log'!$A:$A,">="&$J59,'Hours Log'!$A:$A,"<"&$J59+7)) | E59: =IF($J59="","",IFERROR(C59/(B59*40),0)) | F59: =IF($J59="","",0) | G59: =IF($J59="","",SUMIFS('Hours Log'!$E:$E,'Hours Log'!$A:$A,">="&$J59,'Hours Log'!$A:$A,"<"&$J59+7)) | J59: =IF(COUNT('Hours Log'!$A$4:$A$5000)=0,"",IF(MIN('Hours Log'!$A$4:$A$5000)+7*(ROW()-10)>MAX('Hours Log'!$A$4:$A$5000),"",MIN('Hours Log'!$A$4:$A$5000)+7*(ROW()-10)))
A60: =IF($J60="","",YEAR($J60-WEEKDAY($J60,2)+4)&"-W"&TEXT(WEEKNUM($J60,21),"00")) | B60: =IF($J60="","",COUNTIFS(Roster!$D$4:$D$500,"Active",Roster!$C$4:$C$500,"<="&$J60)) | C60: =IF($J60="","",SUMIFS('Hours Log'!$C:$C,'Hours Log'!$A:$A,">="&$J60,'Hours Log'!$A:$A,"<"&$J60+7)+SUMIFS('Hours Log'!$D:$D,'Hours Log'!$A:$A,">="&$J60,'Hours Log'!$A:$A,"<"&$J60+7)) | D60: =IF($J60="","",SUMIFS('Hours Log'!$D:$D,'Hours Log'!$A:$A,">="&$J60,'Hours Log'!$A:$A,"<"&$J60+7)) | E60: =IF($J60="","",IFERROR(C60/(B60*40),0)) | F60: =IF($J60="","",0) | G60: =IF($J60="","",SUMIFS('Hours Log'!$E:$E,'Hours Log'!$A:$A,">="&$J60,'Hours Log'!$A:$A,"<"&$J60+7)) | J60: =IF(COUNT('Hours Log'!$A$4:$A$5000)=0,"",IF(MIN('Hours Log'!$A$4:$A$5000)+7*(ROW()-10)>MAX('Hours Log'!$A$4:$A$5000),"",MIN('Hours Log'!$A$4:$A$5000)+7*(ROW()-10)))
A61: =IF($J61="","",YEAR($J61-WEEKDAY($J61,2)+4)&"-W"&TEXT(WEEKNUM($J61,21),"00")) | B61: =IF($J61="","",COUNTIFS(Roster!$D$4:$D$500,"Active",Roster!$C$4:$C$500,"<="&$J61)) | C61: =IF($J61="","",SUMIFS('Hours Log'!$C:$C,'Hours Log'!$A:$A,">="&$J61,'Hours Log'!$A:$A,"<"&$J61+7)+SUMIFS('Hours Log'!$D:$D,'Hours Log'!$A:$A,">="&$J61,'Hours Log'!$A:$A,"<"&$J61+7)) | D61: =IF($J61="","",SUMIFS('Hours Log'!$D:$D,'Hours Log'!$A:$A,">="&$J61,'Hours Log'!$A:$A,"<"&$J61+7)) | E61: =IF($J61="","",IFERROR(C61/(B61*40),0)) | F61: =IF($J61="","",0) | G61: =IF($J61="","",SUMIFS('Hours Log'!$E:$E,'Hours Log'!$A:$A,">="&$J61,'Hours Log'!$A:$A,"<"&$J61+7)) | H61: Safety training | J61: =IF(COUNT('Hours Log'!$A$4:$A$5000)=0,"",IF(MIN('Hours Log'!$A$4:$A$5000)+7*(ROW()-10)>MAX('Hours Log'!$A$4:$A$5000),"",MIN('Hours Log'!$A$4:$A$5000)+7*(ROW()-10)))
A62: =IF($J62="","",YEAR($J62-WEEKDAY($J62,2)+4)&"-W"&TEXT(WEEKNUM($J62,21),"00")) | B62: =IF($J62="","",COUNTIFS(Roster!$D$4:$D$500,"Active",Roster!$C$4:$C$500,"<="&$J62)) | C62: =IF($J62="","",SUMIFS('Hours Log'!$C:$C,'Hours Log'!$A:$A,">="&$J62,'Hours Log'!$A:$A,"<"&$J62+7)+SUMIFS('Hours Log'!$D:$D,'Hours Log'!$A:$A,">="&$J62,'Hours Log'!$A:$A,"<"&$J62+7)) | D62: =IF($J62="","",SUMIFS('Hours Log'!$D:$D,'Hours Log'!$A:$A,">="&$J62,'Hours Log'!$A:$A,"<"&$J62+7)) | E62: =IF($J62="","",IFERROR(C62/(B62*40),0)) | F62: =IF($J62="","",0) | G62: =IF($J62="","",SUMIFS('Hours Log'!$E:$E,'Hours Log'!$A:$A,">="&$J62,'Hours Log'!$A:$A,"<"&$J62+7)) | J62: =IF(COUNT('Hours Log'!$A$4:$A$5000)=0,"",IF(MIN('Hours Log'!$A$4:$A$5000)+7*(ROW()-10)>MAX('Hours Log'!$A$4:$A$5000),"",MIN('Hours Log'!$A$4:$A$5000)+7*(ROW()-10)))
A63: =IF($J63="","",YEAR($J63-WEEKDAY($J63,2)+4)&"-W"&TEXT(WEEKNUM($J63,21),"00")) | B63: =IF($J63="","",COUNTIFS(Roster!$D$4:$D$500,"Active",Roster!$C$4:$C$500,"<="&$J63)) | C63: =IF($J63="","",SUMIFS('Hours Log'!$C:$C,'Hours Log'!$A:$A,">="&$J63,'Hours Log'!$A:$A,"<"&$J63+7)+SUMIFS('Hours Log'!$D:$D,'Hours Log'!$A:$A,">="&$J63,'Hours Log'!$A:$A,"<"&$J63+7)) | D63: =IF($J63="","",SUMIFS('Hours Log'!$D:$D,'Hours Log'!$A:$A,">="&$J63,'Hours Log'!$A:$A,"<"&$J63+7)) | E63: =IF($J63="","",IFERROR(C63/(B63*40),0)) | F63: =IF($J63="","",0) | G63: =IF($J63="","",SUMIFS('Hours Log'!$E:$E,'Hours Log'!$A:$A,">="&$J63,'Hours Log'!$A:$A,"<"&$J63+7)) | J63: =IF(COUNT('Hours Log'!$A$4:$A$5000)=0,"",IF(MIN('Hours Log'!$A$4:$A$5000)+7*(ROW()-10)>MAX('Hours Log'!$A$4:$A$5000),"",MIN('Hours Log'!$A$4:$A$5000)+7*(ROW()-10)))
A64: =IF($J64="","",YEAR($J64-WEEKDAY($J64,2)+4)&"-W"&TEXT(WEEKNUM($J64,21),"00")) | B64: =IF($J64="","",COUNTIFS(Roster!$D$4:$D$500,"Active",Roster!$C$4:$C$500,"<="&$J64)) | C64: =IF($J64="","",SUMIFS('Hours Log'!$C:$C,'Hours Log'!$A:$A,">="&$J64,'Hours Log'!$A:$A,"<"&$J64+7)+SUMIFS('Hours Log'!$D:$D,'Hours Log'!$A:$A,">="&$J64,'Hours Log'!$A:$A,"<"&$J64+7)) | D64: =IF($J64="","",SUMIFS('Hours Log'!$D:$D,'Hours Log'!$A:$A,">="&$J64,'Hours Log'!$A:$A,"<"&$J64+7)) | E64: =IF($J64="","",IFERROR(C64/(B64*40),0)) | F64: =IF($J64="","",0) | G64: =IF($J64="","",SUMIFS('Hours Log'!$E:$E,'Hours Log'!$A:$A,">="&$J64,'Hours Log'!$A:$A,"<"&$J64+7)) | J64: =IF(COUNT('Hours Log'!$A$4:$A$5000)=0,"",IF(MIN('Hours Log'!$A$4:$A$5000)+7*(ROW()-10)>MAX('Hours Log'!$A$4:$A$5000),"",MIN('Hours Log'!$A$4:$A$5000)+7*(ROW()-10)))
A65: =IF($J65="","",YEAR($J65-WEEKDAY($J65,2)+4)&"-W"&TEXT(WEEKNUM($J65,21),"00")) | B65: =IF($J65="","",COUNTIFS(Roster!$D$4:$D$500,"Active",Roster!$C$4:$C$500,"<="&$J65)) | C65: =IF($J65="","",SUMIFS('Hours Log'!$C:$C,'Hours Log'!$A:$A,">="&$J65,'Hours Log'!$A:$A,"<"&$J65+7)+SUMIFS('Hours Log'!$D:$D,'Hours Log'!$A:$A,">="&$J65,'Hours Log'!$A:$A,"<"&$J65+7)) | D65: =IF($J65="","",SUMIFS('Hours Log'!$D:$D,'Hours Log'!$A:$A,">="&$J65,'Hours Log'!$A:$A,"<"&$J65+7)) | E65: =IF($J65="","",IFERROR(C65/(B65*40),0)) | F65: =IF($J65="","",0) | G65: =IF($J65="","",SUMIFS('Hours Log'!$E:$E,'Hours Log'!$A:$A,">="&$J65,'Hours Log'!$A:$A,"<"&$J65+7)) | J65: =IF(COUNT('Hours Log'!$A$4:$A$5000)=0,"",IF(MIN('Hours Log'!$A$4:$A$5000)+7*(ROW()-10)>MAX('Hours Log'!$A$4:$A$5000),"",MIN('Hours Log'!$A$4:$A$5000)+7*(ROW()-10)))
A66: =IF($J66="","",YEAR($J66-WEEKDAY($J66,2)+4)&"-W"&TEXT(WEEKNUM($J66,21),"00")) | B66: =IF($J66="","",COUNTIFS(Roster!$D$4:$D$500,"Active",Roster!$C$4:$C$500,"<="&$J66)) | C66: =IF($J66="","",SUMIFS('Hours Log'!$C:$C,'Hours Log'!$A:$A,">="&$J66,'Hours Log'!$A:$A,"<"&$J66+7)+SUMIFS('Hours Log'!$D:$D,'Hours Log'!$A:$A,">="&$J66,'Hours Log'!$A:$A,"<"&$J66+7)) | D66: =IF($J66="","",SUMIFS('Hours Log'!$D:$D,'Hours Log'!$A:$A,">="&$J66,'Hours Log'!$A:$A,"<"&$J66+7)) | E66: =IF($J66="","",IFERROR(C66/(B66*40),0)) | F66: =IF($J66="","",0) | G66: =IF($J66="","",SUMIFS('Hours Log'!$E:$E,'Hours Log'!$A:$A,">="&$J66,'Hours Log'!$A:$A,"<"&$J66+7)) | J66: =IF(COUNT('Hours Log'!$A$4:$A$5000)=0,"",IF(MIN('Hours Log'!$A$4:$A$5000)+7*(ROW()-10)>MAX('Hours Log'!$A$4:$A$5000),"",MIN('Hours Log'!$A$4:$A$5000)+7*(ROW()-10)))
A67: =IF($J67="","",YEAR($J67-WEEKDAY($J67,2)+4)&"-W"&TEXT(WEEKNUM($J67,21),"00")) | B67: =IF($J67="","",COUNTIFS(Roster!$D$4:$D$500,"Active",Roster!$C$4:$C$500,"<="&$J67)) | C67: =IF($J67="","",SUMIFS('Hours Log'!$C:$C,'Hours Log'!$A:$A,">="&$J67,'Hours Log'!$A:$A,"<"&$J67+7)+SUMIFS('Hours Log'!$D:$D,'Hours Log'!$A:$A,">="&$J67,'Hours Log'!$A:$A,"<"&$J67+7)) | D67: =IF($J67="","",SUMIFS('Hours Log'!$D:$D,'Hours Log'!$A:$A,">="&$J67,'Hours Log'!$A:$A,"<"&$J67+7)) | E67: =IF($J67="","",IFERROR(C67/(B67*40),0)) | F67: =IF($J67="","",0) | G67: =IF($J67="","",SUMIFS('Hours Log'!$E:$E,'Hours Log'!$A:$A,">="&$J67,'Hours Log'!$A:$A,"<"&$J67+7)) | J67: =IF(COUNT('Hours Log'!$A$4:$A$5000)=0,"",IF(MIN('Hours Log'!$A$4:$A$5000)+7*(ROW()-10)>MAX('Hours Log'!$A$4:$A$5000),"",MIN('Hours Log'!$A$4:$A$5000)+7*(ROW()-10)))
A68: =IF($J68="","",YEAR($J68-WEEKDAY($J68,2)+4)&"-W"&TEXT(WEEKNUM($J68,21),"00")) | B68: =IF($J68="","",COUNTIFS(Roster!$D$4:$D$500,"Active",Roster!$C$4:$C$500,"<="&$J68)) | C68: =IF($J68="","",SUMIFS('Hours Log'!$C:$C,'Hours Log'!$A:$A,">="&$J68,'Hours Log'!$A:$A,"<"&$J68+7)+SUMIFS('Hours Log'!$D:$D,'Hours Log'!$A:$A,">="&$J68,'Hours Log'!$A:$A,"<"&$J68+7)) | D68: =IF($J68="","",SUMIFS('Hours Log'!$D:$D,'Hours Log'!$A:$A,">="&$J68,'Hours Log'!$A:$A,"<"&$J68+7)) | E68: =IF($J68="","",IFERROR(C68/(B68*40),0)) | F68: =IF($J68="","",0) | G68: =IF($J68="","",SUMIFS('Hours Log'!$E:$E,'Hours Log'!$A:$A,">="&$J68,'Hours Log'!$A:$A,"<"&$J68+7)) | J68: =IF(COUNT('Hours Log'!$A$4:$A$5000)=0,"",IF(MIN('Hours Log'!$A$4:$A$5000)+7*(ROW()-10)>MAX('Hours Log'!$A$4:$A$5000),"",MIN('Hours Log'!$A$4:$A$5000)+7*(ROW()-10)))
A69: =IF($J69="","",YEAR($J69-WEEKDAY($J69,2)+4)&"-W"&TEXT(WEEKNUM($J69,21),"00")) | B69: =IF($J69="","",COUNTIFS(Roster!$D$4:$D$500,"Active",Roster!$C$4:$C$500,"<="&$J69)) | C69: =IF($J69="","",SUMIFS('Hours Log'!$C:$C,'Hours Log'!$A:$A,">="&$J69,'Hours Log'!$A:$A,"<"&$J69+7)+SUMIFS('Hours Log'!$D:$D,'Hours Log'!$A:$A,">="&$J69,'Hours Log'!$A:$A,"<"&$J69+7)) | D69: =IF($J69="","",SUMIFS('Hours Log'!$D:$D,'Hours Log'!$A:$A,">="&$J69,'Hours Log'!$A:$A,"<"&$J69+7)) | E69: =IF($J69="","",IFERROR(C69/(B69*40),0)) | F69: =IF($J69="","",0) | G69: =IF($J69="","",SUMIFS('Hours Log'!$E:$E,'Hours Log'!$A:$A,">="&$J69,'Hours Log'!$A:$A,"<"&$J69+7)) | J69: =IF(COUNT('Hours Log'!$A$4:$A$5000)=0,"",IF(MIN('Hours Log'!$A$4:$A$5000)+7*(ROW()-10)>MAX('Hours Log'!$A$4:$A$5000),"",MIN('Hours Log'!$A$4:$A$5000)+7*(ROW()-10)))
A70: =IF($J70="","",YEAR($J70-WEEKDAY($J70,2)+4)&"-W"&TEXT(WEEKNUM($J70,21),"00")) | B70: =IF($J70="","",COUNTIFS(Roster!$D$4:$D$500,"Active",Roster!$C$4:$C$500,"<="&$J70)) | C70: =IF($J70="","",SUMIFS('Hours Log'!$C:$C,'Hours Log'!$A:$A,">="&$J70,'Hours Log'!$A:$A,"<"&$J70+7)+SUMIFS('Hours Log'!$D:$D,'Hours Log'!$A:$A,">="&$J70,'Hours Log'!$A:$A,"<"&$J70+7)) | D70: =IF($J70="","",SUMIFS('Hours Log'!$D:$D,'Hours Log'!$A:$A,">="&$J70,'Hours Log'!$A:$A,"<"&$J70+7)) | E70: =IF($J70="","",IFERROR(C70/(B70*40),0)) | F70: =IF($J70="","",0) | G70: =IF($J70="","",SUMIFS('Hours Log'!$E:$E,'Hours Log'!$A:$A,">="&$J70,'Hours Log'!$A:$A,"<"&$J70+7)) | J70: =IF(COUNT('Hours Log'!$A$4:$A$5000)=0,"",IF(MIN('Hours Log'!$A$4:$A$5000)+7*(ROW()-10)>MAX('Hours Log'!$A$4:$A$5000),"",MIN('Hours Log'!$A$4:$A$5000)+7*(ROW()-10)))
A71: =IF($J71="","",YEAR($J71-WEEKDAY($J71,2)+4)&"-W"&TEXT(WEEKNUM($J71,21),"00")) | B71: =IF($J71="","",COUNTIFS(Roster!$D$4:$D$500,"Active",Roster!$C$4:$C$500,"<="&$J71)) | C71: =IF($J71="","",SUMIFS('Hours Log'!$C:$C,'Hours Log'!$A:$A,">="&$J71,'Hours Log'!$A:$A,"<"&$J71+7)+SUMIFS('Hours Log'!$D:$D,'Hours Log'!$A:$A,">="&$J71,'Hours Log'!$A:$A,"<"&$J71+7)) | D71: =IF($J71="","",SUMIFS('Hours Log'!$D:$D,'Hours Log'!$A:$A,">="&$J71,'Hours Log'!$A:$A,"<"&$J71+7)) | E71: =IF($J71="","",IFERROR(C71/(B71*40),0)) | F71: =IF($J71="","",0) | G71: =IF($J71="","",SUMIFS('Hours Log'!$E:$E,'Hours Log'!$A:$A,">="&$J71,'Hours Log'!$A:$A,"<"&$J71+7)) | J71: =IF(COUNT('Hours Log'!$A$4:$A$5000)=0,"",IF(MIN('Hours Log'!$A$4:$A$5000)+7*(ROW()-10)>MAX('Hours Log'!$A$4:$A$5000),"",MIN('Hours Log'!$A$4:$A$5000)+7*(ROW()-10)))
A72: =IF($J72="","",YEAR($J72-WEEKDAY($J72,2)+4)&"-W"&TEXT(WEEKNUM($J72,21),"00")) | B72: =IF($J72="","",COUNTIFS(Roster!$D$4:$D$500,"Active",Roster!$C$4:$C$500,"<="&$J72)) | C72: =IF($J72="","",SUMIFS('Hours Log'!$C:$C,'Hours Log'!$A:$A,">="&$J72,'Hours Log'!$A:$A,"<"&$J72+7)+SUMIFS('Hours Log'!$D:$D,'Hours Log'!$A:$A,">="&$J72,'Hours Log'!$A:$A,"<"&$J72+7)) | D72: =IF($J72="","",SUMIFS('Hours Log'!$D:$D,'Hours Log'!$A:$A,">="&$J72,'Hours Log'!$A:$A,"<"&$J72+7)) | E72: =IF($J72="","",IFERROR(C72/(B72*40),0)) | F72: =IF($J72="","",0) | G72: =IF($J72="","",SUMIFS('Hours Log'!$E:$E,'Hours Log'!$A:$A,">="&$J72,'Hours Log'!$A:$A,"<"&$J72+7)) | J72: =IF(COUNT('Hours Log'!$A$4:$A$5000)=0,"",IF(MIN('Hours Log'!$A$4:$A$5000)+7*(ROW()-10)>MAX('Hours Log'!$A$4:$A$5000),"",MIN('Hours Log'!$A$4:$A$5000)+7*(ROW()-10)))
A73: =IF($J73="","",YEAR($J73-WEEKDAY($J73,2)+4)&"-W"&TEXT(WEEKNUM($J73,21),"00")) | B73: =IF($J73="","",COUNTIFS(Roster!$D$4:$D$500,"Active",Roster!$C$4:$C$500,"<="&$J73)) | C73: =IF($J73="","",SUMIFS('Hours Log'!$C:$C,'Hours Log'!$A:$A,">="&$J73,'Hours Log'!$A:$A,"<"&$J73+7)+SUMIFS('Hours Log'!$D:$D,'Hours Log'!$A:$A,">="&$J73,'Hours Log'!$A:$A,"<"&$J73+7)) | D73: =IF($J73="","",SUMIFS('Hours Log'!$D:$D,'Hours Log'!$A:$A,">="&$J73,'Hours Log'!$A:$A,"<"&$J73+7)) | E73: =IF($J73="","",IFERROR(C73/(B73*40),0)) | F73: =IF($J73="","",0) | G73: =IF($J73="","",SUMIFS('Hours Log'!$E:$E,'Hours Log'!$A:$A,">="&$J73,'Hours Log'!$A:$A,"<"&$J73+7)) | J73: =IF(COUNT('Hours Log'!$A$4:$A$5000)=0,"",IF(MIN('Hours Log'!$A$4:$A$5000)+7*(ROW()-10)>MAX('Hours Log'!$A$4:$A$5000),"",MIN('Hours Log'!$A$4:$A$5000)+7*(ROW()-10)))
A74: =IF($J74="","",YEAR($J74-WEEKDAY($J74,2)+4)&"-W"&TEXT(WEEKNUM($J74,21),"00")) | B74: =IF($J74="","",COUNTIFS(Roster!$D$4:$D$500,"Active",Roster!$C$4:$C$500,"<="&$J74)) | C74: =IF($J74="","",SUMIFS('Hours Log'!$C:$C,'Hours Log'!$A:$A,">="&$J74,'Hours Log'!$A:$A,"<"&$J74+7)+SUMIFS('Hours Log'!$D:$D,'Hours Log'!$A:$A,">="&$J74,'Hours Log'!$A:$A,"<"&$J74+7)) | D74: =IF($J74="","",SUMIFS('Hours Log'!$D:$D,'Hours Log'!$A:$A,">="&$J74,'Hours Log'!$A:$A,"<"&$J74+7)) | E74: =IF($J74="","",IFERROR(C74/(B74*40),0)) | F74: =IF($J74="","",0) | G74: =IF($J74="","",SUMIFS('Hours Log'!$E:$E,'Hours Log'!$A:$A,">="&$J74,'Hours Log'!$A:$A,"<"&$J74+7)) | H74: Safety training | J74: =IF(COUNT('Hours Log'!$A$4:$A$5000)=0,"",IF(MIN('Hours Log'!$A$4:$A$5000)+7*(ROW()-10)>MAX('Hours Log'!$A$4:$A$5000),"",MIN('Hours Log'!$A$4:$A$5000)+7*(ROW()-10)))
A75: =IF($J75="","",YEAR($J75-WEEKDAY($J75,2)+4)&"-W"&TEXT(WEEKNUM($J75,21),"00")) | B75: =IF($J75="","",COUNTIFS(Roster!$D$4:$D$500,"Active",Roster!$C$4:$C$500,"<="&$J75)) | C75: =IF($J75="","",SUMIFS('Hours Log'!$C:$C,'Hours Log'!$A:$A,">="&$J75,'Hours Log'!$A:$A,"<"&$J75+7)+SUMIFS('Hours Log'!$D:$D,'Hours Log'!$A:$A,">="&$J75,'Hours Log'!$A:$A,"<"&$J75+7)) | D75: =IF($J75="","",SUMIFS('Hours Log'!$D:$D,'Hours Log'!$A:$A,">="&$J75,'Hours Log'!$A:$A,"<"&$J75+7)) | E75: =IF($J75="","",IFERROR(C75/(B75*40),0)) | F75: =IF($J75="","",0) | G75: =IF($J75="","",SUMIFS('Hours Log'!$E:$E,'Hours Log'!$A:$A,">="&$J75,'Hours Log'!$A:$A,"<"&$J75+7)) | J75: =IF(COUNT('Hours Log'!$A$4:$A$5000)=0,"",IF(MIN('Hours Log'!$A$4:$A$5000)+7*(ROW()-10)>MAX('Hours Log'!$A$4:$A$5000),"",MIN('Hours Log'!$A$4:$A$5000)+7*(ROW()-10)))
A76: =IF($J76="","",YEAR($J76-WEEKDAY($J76,2)+4)&"-W"&TEXT(WEEKNUM($J76,21),"00")) | B76: =IF($J76="","",COUNTIFS(Roster!$D$4:$D$500,"Active",Roster!$C$4:$C$500,"<="&$J76)) | C76: =IF($J76="","",SUMIFS('Hours Log'!$C:$C,'Hours Log'!$A:$A,">="&$J76,'Hours Log'!$A:$A,"<"&$J76+7)+SUMIFS('Hours Log'!$D:$D,'Hours Log'!$A:$A,">="&$J76,'Hours Log'!$A:$A,"<"&$J76+7)) | D76: =IF($J76="","",SUMIFS('Hours Log'!$D:$D,'Hours Log'!$A:$A,">="&$J76,'Hours Log'!$A:$A,"<"&$J76+7)) | E76: =IF($J76="","",IFERROR(C76/(B76*40),0)) | F76: =IF($J76="","",0) | G76: =IF($J76="","",SUMIFS('Hours Log'!$E:$E,'Hours Log'!$A:$A,">="&$J76,'Hours Log'!$A:$A,"<"&$J76+7)) | J76: =IF(COUNT('Hours Log'!$A$4:$A$5000)=0,"",IF(MIN('Hours Log'!$A$4:$A$5000)+7*(ROW()-10)>MAX('Hours Log'!$A$4:$A$5000),"",MIN('Hours Log'!$A$4:$A$5000)+7*(ROW()-10)))
A77: =IF($J77="","",YEAR($J77-WEEKDAY($J77,2)+4)&"-W"&TEXT(WEEKNUM($J77,21),"00")) | B77: =IF($J77="","",COUNTIFS(Roster!$D$4:$D$500,"Active",Roster!$C$4:$C$500,"<="&$J77)) | C77: =IF($J77="","",SUMIFS('Hours Log'!$C:$C,'Hours Log'!$A:$A,">="&$J77,'Hours Log'!$A:$A,"<"&$J77+7)+SUMIFS('Hours Log'!$D:$D,'Hours Log'!$A:$A,">="&$J77,'Hours Log'!$A:$A,"<"&$J77+7)) | D77: =IF($J77="","",SUMIFS('Hours Log'!$D:$D,'Hours Log'!$A:$A,">="&$J77,'Hours Log'!$A:$A,"<"&$J77+7)) | E77: =IF($J77="","",IFERROR(C77/(B77*40),0)) | F77: =IF($J77="","",0) | G77: =IF($J77="","",SUMIFS('Hours Log'!$E:$E,'Hours Log'!$A:$A,">="&$J77,'Hours Log'!$A:$A,"<"&$J77+7)) | J77: =IF(COUNT('Hours Log'!$A$4:$A$5000)=0,"",IF(MIN('Hours Log'!$A$4:$A$5000)+7*(ROW()-10)>MAX('Hours Log'!$A$4:$A$5000),"",MIN('Hours Log'!$A$4:$A$5000)+7*(ROW()-10)))
A78: =IF($J78="","",YEAR($J78-WEEKDAY($J78,2)+4)&"-W"&TEXT(WEEKNUM($J78,21),"00")) | B78: =IF($J78="","",COUNTIFS(Roster!$D$4:$D$500,"Active",Roster!$C$4:$C$500,"<="&$J78)) | C78: =IF($J78="","",SUMIFS('Hours Log'!$C:$C,'Hours Log'!$A:$A,">="&$J78,'Hours Log'!$A:$A,"<"&$J78+7)+SUMIFS('Hours Log'!$D:$D,'Hours Log'!$A:$A,">="&$J78,'Hours Log'!$A:$A,"<"&$J78+7)) | D78: =IF($J78="","",SUMIFS('Hours Log'!$D:$D,'Hours Log'!$A:$A,">="&$J78,'Hours Log'!$A:$A,"<"&$J78+7)) | E78: =IF($J78="","",IFERROR(C78/(B78*40),0)) | F78: =IF($J78="","",0) | G78: =IF($J78="","",SUMIFS('Hours Log'!$E:$E,'Hours Log'!$A:$A,">="&$J78,'Hours Log'!$A:$A,"<"&$J78+7)) | J78: =IF(COUNT('Hours Log'!$A$4:$A$5000)=0,"",IF(MIN('Hours Log'!$A$4:$A$5000)+7*(ROW()-10)>MAX('Hours Log'!$A$4:$A$5000),"",MIN('Hours Log'!$A$4:$A$5000)+7*(ROW()-10)))
A79: =IF($J79="","",YEAR($J79-WEEKDAY($J79,2)+4)&"-W"&TEXT(WEEKNUM($J79,21),"00")) | B79: =IF($J79="","",COUNTIFS(Roster!$D$4:$D$500,"Active",Roster!$C$4:$C$500,"<="&$J79)) | C79: =IF($J79="","",SUMIFS('Hours Log'!$C:$C,'Hours Log'!$A:$A,">="&$J79,'Hours Log'!$A:$A,"<"&$J79+7)+SUMIFS('Hours Log'!$D:$D,'Hours Log'!$A:$A,">="&$J79,'Hours Log'!$A:$A,"<"&$J79+7)) | D79: =IF($J79="","",SUMIFS('Hours Log'!$D:$D,'Hours Log'!$A:$A,">="&$J79,'Hours Log'!$A:$A,"<"&$J79+7)) | E79: =IF($J79="","",IFERROR(C79/(B79*40),0)) | F79: =IF($J79="","",0) | G79: =IF($J79="","",SUMIFS('Hours Log'!$E:$E,'Hours Log'!$A:$A,">="&$J79,'Hours Log'!$A:$A,"<"&$J79+7)) | H79: Backfill in progress | J79: =IF(COUNT('Hours Log'!$A$4:$A$5000)=0,"",IF(MIN('Hours Log'!$A$4:$A$5000)+7*(ROW()-10)>MAX('Hours Log'!$A$4:$A$5000),"",MIN('Hours Log'!$A$4:$A$5000)+7*(ROW()-10)))
A80: =IF($J80="","",YEAR($J80-WEEKDAY($J80,2)+4)&"-W"&TEXT(WEEKNUM($J80,21),"00")) | B80: =IF($J80="","",COUNTIFS(Roster!$D$4:$D$500,"Active",Roster!$C$4:$C$500,"<="&$J80)) | C80: =IF($J80="","",SUMIFS('Hours Log'!$C:$C,'Hours Log'!$A:$A,">="&$J80,'Hours Log'!$A:$A,"<"&$J80+7)+SUMIFS('Hours Log'!$D:$D,'Hours Log'!$A:$A,">="&$J80,'Hours Log'!$A:$A,"<"&$J80+7)) | D80: =IF($J80="","",SUMIFS('Hours Log'!$D:$D,'Hours Log'!$A:$A,">="&$J80,'Hours Log'!$A:$A,"<"&$J80+7)) | E80: =IF($J80="","",IFERROR(C80/(B80*40),0)) | F80: =IF($J80="","",0) | G80: =IF($J80="","",SUMIFS('Hours Log'!$E:$E,'Hours Log'!$A:$A,">="&$J80,'Hours Log'!$A:$A,"<"&$J80+7)) | J80: =IF(COUNT('Hours Log'!$A$4:$A$5000)=0,"",IF(MIN('Hours Log'!$A$4:$A$5000)+7*(ROW()-10)>MAX('Hours Log'!$A$4:$A$5000),"",MIN('Hours Log'!$A$4:$A$5000)+7*(ROW()-10)))
A81: =IF($J81="","",YEAR($J81-WEEKDAY($J81,2)+4)&"-W"&TEXT(WEEKNUM($J81,21),"00")) | B81: =IF($J81="","",COUNTIFS(Roster!$D$4:$D$500,"Active",Roster!$C$4:$C$500,"<="&$J81)) | C81: =IF($J81="","",SUMIFS('Hours Log'!$C:$C,'Hours Log'!$A:$A,">="&$J81,'Hours Log'!$A:$A,"<"&$J81+7)+SUMIFS('Hours Log'!$D:$D,'Hours Log'!$A:$A,">="&$J81,'Hours Log'!$A:$A,"<"&$J81+7)) | D81: =IF($J81="","",SUMIFS('Hours Log'!$D:$D,'Hours Log'!$A:$A,">="&$J81,'Hours Log'!$A:$A,"<"&$J81+7)) | E81: =IF($J81="","",IFERROR(C81/(B81*40),0)) | F81: =IF($J81="","",0) | G81: =IF($J81="","",SUMIFS('Hours Log'!$E:$E,'Hours Log'!$A:$A,">="&$J81,'Hours Log'!$A:$A,"<"&$J81+7)) | J81: =IF(COUNT('Hours Log'!$A$4:$A$5000)=0,"",IF(MIN('Hours Log'!$A$4:$A$5000)+7*(ROW()-10)>MAX('Hours Log'!$A$4:$A$5000),"",MIN('Hours Log'!$A$4:$A$5000)+7*(ROW()-10)))
A82: =IF($J82="","",YEAR($J82-WEEKDAY($J82,2)+4)&"-W"&TEXT(WEEKNUM($J82,21),"00")) | B82: =IF($J82="","",COUNTIFS(Roster!$D$4:$D$500,"Active",Roster!$C$4:$C$500,"<="&$J82)) | C82: =IF($J82="","",SUMIFS('Hours Log'!$C:$C,'Hours Log'!$A:$A,">="&$J82,'Hours Log'!$A:$A,"<"&$J82+7)+SUMIFS('Hours Log'!$D:$D,'Hours Log'!$A:$A,">="&$J82,'Hours Log'!$A:$A,"<"&$J82+7)) | D82: =IF($J82="","",SUMIFS('Hours Log'!$D:$D,'Hours Log'!$A:$A,">="&$J82,'Hours Log'!$A:$A,"<"&$J82+7)) | E82: =IF($J82="","",IFERROR(C82/(B82*40),0)) | F82: =IF($J82="","",0) | G82: =IF($J82="","",SUMIFS('Hours Log'!$E:$E,'Hours Log'!$A:$A,">="&$J82,'Hours Log'!$A:$A,"<"&$J82+7)) | J82: =IF(COUNT('Hours Log'!$A$4:$A$5000)=0,"",IF(MIN('Hours Log'!$A$4:$A$5000)+7*(ROW()-10)>MAX('Hours Log'!$A$4:$A$5000),"",MIN('Hours Log'!$A$4:$A$5000)+7*(ROW()-10)))
A83: =IF($J83="","",YEAR($J83-WEEKDAY($J83,2)+4)&"-W"&TEXT(WEEKNUM($J83,21),"00")) | B83: =IF($J83="","",COUNTIFS(Roster!$D$4:$D$500,"Active",Roster!$C$4:$C$500,"<="&$J83)) | C83: =IF($J83="","",SUMIFS('Hours Log'!$C:$C,'Hours Log'!$A:$A,">="&$J83,'Hours Log'!$A:$A,"<"&$J83+7)+SUMIFS('Hours Log'!$D:$D,'Hours Log'!$A:$A,">="&$J83,'Hours Log'!$A:$A,"<"&$J83+7)) | D83: =IF($J83="","",SUMIFS('Hours Log'!$D:$D,'Hours Log'!$A:$A,">="&$J83,'Hours Log'!$A:$A,"<"&$J83+7)) | E83: =IF($J83="","",IFERROR(C83/(B83*40),0)) | F83: =IF($J83="","",0) | G83: =IF($J83="","",SUMIFS('Hours Log'!$E:$E,'Hours Log'!$A:$A,">="&$J83,'Hours Log'!$A:$A,"<"&$J83+7)) | J83: =IF(COUNT('Hours Log'!$A$4:$A$5000)=0,"",IF(MIN('Hours Log'!$A$4:$A$5000)+7*(ROW()-10)>MAX('Hours Log'!$A$4:$A$5000),"",MIN('Hours Log'!$A$4:$A$5000)+7*(ROW()-10)))
A84: =IF($J84="","",YEAR($J84-WEEKDAY($J84,2)+4)&"-W"&TEXT(WEEKNUM($J84,21),"00")) | B84: =IF($J84="","",COUNTIFS(Roster!$D$4:$D$500,"Active",Roster!$C$4:$C$500,"<="&$J84)) | C84: =IF($J84="","",SUMIFS('Hours Log'!$C:$C,'Hours Log'!$A:$A,">="&$J84,'Hours Log'!$A:$A,"<"&$J84+7)+SUMIFS('Hours Log'!$D:$D,'Hours Log'!$A:$A,">="&$J84,'Hours Log'!$A:$A,"<"&$J84+7)) | D84: =IF($J84="","",SUMIFS('Hours Log'!$D:$D,'Hours Log'!$A:$A,">="&$J84,'Hours Log'!$A:$A,"<"&$J84+7)) | E84: =IF($J84="","",IFERROR(C84/(B84*40),0)) | F84: =IF($J84="","",0) | G84: =IF($J84="","",SUMIFS('Hours Log'!$E:$E,'Hours Log'!$A:$A,">="&$J84,'Hours Log'!$A:$A,"<"&$J84+7)) | J84: =IF(COUNT('Hours Log'!$A$4:$A$5000)=0,"",IF(MIN('Hours Log'!$A$4:$A$5000)+7*(ROW()-10)>MAX('Hours Log'!$A$4:$A$5000),"",MIN('Hours Log'!$A$4:$A$5000)+7*(ROW()-10)))
A85: =IF($J85="","",YEAR($J85-WEEKDAY($J85,2)+4)&"-W"&TEXT(WEEKNUM($J85,21),"00")) | B85: =IF($J85="","",COUNTIFS(Roster!$D$4:$D$500,"Active",Roster!$C$4:$C$500,"<="&$J85)) | C85: =IF($J85="","",SUMIFS('Hours Log'!$C:$C,'Hours Log'!$A:$A,">="&$J85,'Hours Log'!$A:$A,"<"&$J85+7)+SUMIFS('Hours Log'!$D:$D,'Hours Log'!$A:$A,">="&$J85,'Hours Log'!$A:$A,"<"&$J85+7)) | D85: =IF($J85="","",SUMIFS('Hours Log'!$D:$D,'Hours Log'!$A:$A,">="&$J85,'Hours Log'!$A:$A,"<"&$J85+7)) | E85: =IF($J85="","",IFERROR(C85/(B85*40),0)) | F85: =IF($J85="","",0) | G85: =IF($J85="","",SUMIFS('Hours Log'!$E:$E,'Hours Log'!$A:$A,">="&$J85,'Hours Log'!$A:$A,"<"&$J85+7)) | J85: =IF(COUNT('Hours Log'!$A$4:$A$5000)=0,"",IF(MIN('Hours Log'!$A$4:$A$5000)+7*(ROW()-10)>MAX('Hours Log'!$A$4:$A$5000),"",MIN('Hours Log'!$A$4:$A$5000)+7*(ROW()-10)))
A86: =IF($J86="","",YEAR($J86-WEEKDAY($J86,2)+4)&"-W"&TEXT(WEEKNUM($J86,21),"00")) | B86: =IF($J86="","",COUNTIFS(Roster!$D$4:$D$500,"Active",Roster!$C$4:$C$500,"<="&$J86)) | C86: =IF($J86="","",SUMIFS('Hours Log'!$C:$C,'Hours Log'!$A:$A,">="&$J86,'Hours Log'!$A:$A,"<"&$J86+7)+SUMIFS('Hours Log'!$D:$D,'Hours Log'!$A:$A,">="&$J86,'Hours Log'!$A:$A,"<"&$J86+7)) | D86: =IF($J86="","",SUMIFS('Hours Log'!$D:$D,'Hours Log'!$A:$A,">="&$J86,'Hours Log'!$A:$A,"<"&$J86+7)) | E86: =IF($J86="","",IFERROR(C86/(B86*40),0)) | F86: =IF($J86="","",0) | G86: =IF($J86="","",SUMIFS('Hours Log'!$E:$E,'Hours Log'!$A:$A,">="&$J86,'Hours Log'!$A:$A,"<"&$J86+7)) | J86: =IF(COUNT('Hours Log'!$A$4:$A$5000)=0,"",IF(MIN('Hours Log'!$A$4:$A$5000)+7*(ROW()-10)>MAX('Hours Log'!$A$4:$A$5000),"",MIN('Hours Log'!$A$4:$A$5000)+7*(ROW()-10)))
A87: =IF($J87="","",YEAR($J87-WEEKDAY($J87,2)+4)&"-W"&TEXT(WEEKNUM($J87,21),"00")) | B87: =IF($J87="","",COUNTIFS(Roster!$D$4:$D$500,"Active",Roster!$C$4:$C$500,"<="&$J87)) | C87: =IF($J87="","",SUMIFS('Hours Log'!$C:$C,'Hours Log'!$A:$A,">="&$J87,'Hours Log'!$A:$A,"<"&$J87+7)+SUMIFS('Hours Log'!$D:$D,'Hours Log'!$A:$A,">="&$J87,'Hours Log'!$A:$A,"<"&$J87+7)) | D87: =IF($J87="","",SUMIFS('Hours Log'!$D:$D,'Hours Log'!$A:$A,">="&$J87,'Hours Log'!$A:$A,"<"&$J87+7)) | E87: =IF($J87="","",IFERROR(C87/(B87*40),0)) | F87: =IF($J87="","",0) | G87: =IF($J87="","",SUMIFS('Hours Log'!$E:$E,'Hours Log'!$A:$A,">="&$J87,'Hours Log'!$A:$A,"<"&$J87+7)) | H87: Safety training | J87: =IF(COUNT('Hours Log'!$A$4:$A$5000)=0,"",IF(MIN('Hours Log'!$A$4:$A$5000)+7*(ROW()-10)>MAX('Hours Log'!$A$4:$A$5000),"",MIN('Hours Log'!$A$4:$A$5000)+7*(ROW()-10)))
A88: =IF($J88="","",YEAR($J88-WEEKDAY($J88,2)+4)&"-W"&TEXT(WEEKNUM($J88,21),"00")) | B88: =IF($J88="","",COUNTIFS(Roster!$D$4:$D$500,"Active",Roster!$C$4:$C$500,"<="&$J88)) | C88: =IF($J88="","",SUMIFS('Hours Log'!$C:$C,'Hours Log'!$A:$A,">="&$J88,'Hours Log'!$A:$A,"<"&$J88+7)+SUMIFS('Hours Log'!$D:$D,'Hours Log'!$A:$A,">="&$J88,'Hours Log'!$A:$A,"<"&$J88+7)) | D88: =IF($J88="","",SUMIFS('Hours Log'!$D:$D,'Hours Log'!$A:$A,">="&$J88,'Hours Log'!$A:$A,"<"&$J88+7)) | E88: =IF($J88="","",IFERROR(C88/(B88*40),0)) | F88: =IF($J88="","",0) | G88: =IF($J88="","",SUMIFS('Hours Log'!$E:$E,'Hours Log'!$A:$A,">="&$J88,'Hours Log'!$A:$A,"<"&$J88+7)) | J88: =IF(COUNT('Hours Log'!$A$4:$A$5000)=0,"",IF(MIN('Hours Log'!$A$4:$A$5000)+7*(ROW()-10)>MAX('Hours Log'!$A$4:$A$5000),"",MIN('Hours Log'!$A$4:$A$5000)+7*(ROW()-10)))
A89: =IF($J89="","",YEAR($J89-WEEKDAY($J89,2)+4)&"-W"&TEXT(WEEKNUM($J89,21),"00")) | B89: =IF($J89="","",COUNTIFS(Roster!$D$4:$D$500,"Active",Roster!$C$4:$C$500,"<="&$J89)) | C89: =IF($J89="","",SUMIFS('Hours Log'!$C:$C,'Hours Log'!$A:$A,">="&$J89,'Hours Log'!$A:$A,"<"&$J89+7)+SUMIFS('Hours Log'!$D:$D,'Hours Log'!$A:$A,">="&$J89,'Hours Log'!$A:$A,"<"&$J89+7)) | D89: =IF($J89="","",SUMIFS('Hours Log'!$D:$D,'Hours Log'!$A:$A,">="&$J89,'Hours Log'!$A:$A,"<"&$J89+7)) | E89: =IF($J89="","",IFERROR(C89/(B89*40),0)) | F89: =IF($J89="","",0) | G89: =IF($J89="","",SUMIFS('Hours Log'!$E:$E,'Hours Log'!$A:$A,">="&$J89,'Hours Log'!$A:$A,"<"&$J89+7)) | J89: =IF(COUNT('Hours Log'!$A$4:$A$5000)=0,"",IF(MIN('Hours Log'!$A$4:$A$5000)+7*(ROW()-10)>MAX('Hours Log'!$A$4:$A$5000),"",MIN('Hours Log'!$A$4:$A$5000)+7*(ROW()-10)))
A90: =IF($J90="","",YEAR($J90-WEEKDAY($J90,2)+4)&"-W"&TEXT(WEEKNUM($J90,21),"00")) | B90: =IF($J90="","",COUNTIFS(Roster!$D$4:$D$500,"Active",Roster!$C$4:$C$500,"<="&$J90)) | C90: =IF($J90="","",SUMIFS('Hours Log'!$C:$C,'Hours Log'!$A:$A,">="&$J90,'Hours Log'!$A:$A,"<"&$J90+7)+SUMIFS('Hours Log'!$D:$D,'Hours Log'!$A:$A,">="&$J90,'Hours Log'!$A:$A,"<"&$J90+7)) | D90: =IF($J90="","",SUMIFS('Hours Log'!$D:$D,'Hours Log'!$A:$A,">="&$J90,'Hours Log'!$A:$A,"<"&$J90+7)) | E90: =IF($J90="","",IFERROR(C90/(B90*40),0)) | F90: =IF($J90="","",0) | G90: =IF($J90="","",SUMIFS('Hours Log'!$E:$E,'Hours Log'!$A:$A,">="&$J90,'Hours Log'!$A:$A,"<"&$J90+7)) | J90: =IF(COUNT('Hours Log'!$A$4:$A$5000)=0,"",IF(MIN('Hours Log'!$A$4:$A$5000)+7*(ROW()-10)>MAX('Hours Log'!$A$4:$A$5000),"",MIN('Hours Log'!$A$4:$A$5000)+7*(ROW()-10)))
A91: =IF($J91="","",YEAR($J91-WEEKDAY($J91,2)+4)&"-W"&TEXT(WEEKNUM($J91,21),"00")) | B91: =IF($J91="","",COUNTIFS(Roster!$D$4:$D$500,"Active",Roster!$C$4:$C$500,"<="&$J91)) | C91: =IF($J91="","",SUMIFS('Hours Log'!$C:$C,'Hours Log'!$A:$A,">="&$J91,'Hours Log'!$A:$A,"<"&$J91+7)+SUMIFS('Hours Log'!$D:$D,'Hours Log'!$A:$A,">="&$J91,'Hours Log'!$A:$A,"<"&$J91+7)) | D91: =IF($J91="","",SUMIFS('Hours Log'!$D:$D,'Hours Log'!$A:$A,">="&$J91,'Hours Log'!$A:$A,"<"&$J91+7)) | E91: =IF($J91="","",IFERROR(C91/(B91*40),0)) | F91: =IF($J91="","",0) | G91: =IF($J91="","",SUMIFS('Hours Log'!$E:$E,'Hours Log'!$A:$A,">="&$J91,'Hours Log'!$A:$A,"<"&$J91+7)) | J91: =IF(COUNT('Hours Log'!$A$4:$A$5000)=0,"",IF(MIN('Hours Log'!$A$4:$A$5000)+7*(ROW()-10)>MAX('Hours Log'!$A$4:$A$5000),"",MIN('Hours Log'!$A$4:$A$5000)+7*(ROW()-10)))
A92: =IF($J92="","",YEAR($J92-WEEKDAY($J92,2)+4)&"-W"&TEXT(WEEKNUM($J92,21),"00")) | B92: =IF($J92="","",COUNTIFS(Roster!$D$4:$D$500,"Active",Roster!$C$4:$C$500,"<="&$J92)) | C92: =IF($J92="","",SUMIFS('Hours Log'!$C:$C,'Hours Log'!$A:$A,">="&$J92,'Hours Log'!$A:$A,"<"&$J92+7)+SUMIFS('Hours Log'!$D:$D,'Hours Log'!$A:$A,">="&$J92,'Hours Log'!$A:$A,"<"&$J92+7)) | D92: =IF($J92="","",SUMIFS('Hours Log'!$D:$D,'Hours Log'!$A:$A,">="&$J92,'Hours Log'!$A:$A,"<"&$J92+7)) | E92: =IF($J92="","",IFERROR(C92/(B92*40),0)) | F92: =IF($J92="","",0) | G92: =IF($J92="","",SUMIFS('Hours Log'!$E:$E,'Hours Log'!$A:$A,">="&$J92,'Hours Log'!$A:$A,"<"&$J92+7)) | J92: =IF(COUNT('Hours Log'!$A$4:$A$5000)=0,"",IF(MIN('Hours Log'!$A$4:$A$5000)+7*(ROW()-10)>MAX('Hours Log'!$A$4:$A$5000),"",MIN('Hours Log'!$A$4:$A$5000)+7*(ROW()-10)))
A93: =IF($J93="","",YEAR($J93-WEEKDAY($J93,2)+4)&"-W"&TEXT(WEEKNUM($J93,21),"00")) | B93: =IF($J93="","",COUNTIFS(Roster!$D$4:$D$500,"Active",Roster!$C$4:$C$500,"<="&$J93)) | C93: =IF($J93="","",SUMIFS('Hours Log'!$C:$C,'Hours Log'!$A:$A,">="&$J93,'Hours Log'!$A:$A,"<"&$J93+7)+SUMIFS('Hours Log'!$D:$D,'Hours Log'!$A:$A,">="&$J93,'Hours Log'!$A:$A,"<"&$J93+7)) | D93: =IF($J93="","",SUMIFS('Hours Log'!$D:$D,'Hours Log'!$A:$A,">="&$J93,'Hours Log'!$A:$A,"<"&$J93+7)) | E93: =IF($J93="","",IFERROR(C93/(B93*40),0)) | F93: =IF($J93="","",0) | G93: =IF($J93="","",SUMIFS('Hours Log'!$E:$E,'Hours Log'!$A:$A,">="&$J93,'Hours Log'!$A:$A,"<"&$J93+7)) | J93: =IF(COUNT('Hours Log'!$A$4:$A$5000)=0,"",IF(MIN('Hours Log'!$A$4:$A$5000)+7*(ROW()-10)>MAX('Hours Log'!$A$4:$A$5000),"",MIN('Hours Log'!$A$4:$A$5000)+7*(ROW()-10)))
A94: =IF($J94="","",YEAR($J94-WEEKDAY($J94,2)+4)&"-W"&TEXT(WEEKNUM($J94,21),"00")) | B94: =IF($J94="","",COUNTIFS(Roster!$D$4:$D$500,"Active",Roster!$C$4:$C$500,"<="&$J94)) | C94: =IF($J94="","",SUMIFS('Hours Log'!$C:$C,'Hours Log'!$A:$A,">="&$J94,'Hours Log'!$A:$A,"<"&$J94+7)+SUMIFS('Hours Log'!$D:$D,'Hours Log'!$A:$A,">="&$J94,'Hours Log'!$A:$A,"<"&$J94+7)) | D94: =IF($J94="","",SUMIFS('Hours Log'!$D:$D,'Hours Log'!$A:$A,">="&$J94,'Hours Log'!$A:$A,"<"&$J94+7)) | E94: =IF($J94="","",IFERROR(C94/(B94*40),0)) | F94: =IF($J94="","",0) | G94: =IF($J94="","",SUMIFS('Hours Log'!$E:$E,'Hours Log'!$A:$A,">="&$J94,'Hours Log'!$A:$A,"<"&$J94+7)) | J94: =IF(COUNT('Hours Log'!$A$4:$A$5000)=0,"",IF(MIN('Hours Log'!$A$4:$A$5000)+7*(ROW()-10)>MAX('Hours Log'!$A$4:$A$5000),"",MIN('Hours Log'!$A$4:$A$5000)+7*(ROW()-10)))
A95: =IF($J95="","",YEAR($J95-WEEKDAY($J95,2)+4)&"-W"&TEXT(WEEKNUM($J95,21),"00")) | B95: =IF($J95="","",COUNTIFS(Roster!$D$4:$D$500,"Active",Roster!$C$4:$C$500,"<="&$J95)) | C95: =IF($J95="","",SUMIFS('Hours Log'!$C:$C,'Hours Log'!$A:$A,">="&$J95,'Hours Log'!$A:$A,"<"&$J95+7)+SUMIFS('Hours Log'!$D:$D,'Hours Log'!$A:$A,">="&$J95,'Hours Log'!$A:$A,"<"&$J95+7)) | D95: =IF($J95="","",SUMIFS('Hours Log'!$D:$D,'Hours Log'!$A:$A,">="&$J95,'Hours Log'!$A:$A,"<"&$J95+7)) | E95: =IF($J95="","",IFERROR(C95/(B95*40),0)) | F95: =IF($J95="","",0) | G95: =IF($J95="","",SUMIFS('Hours Log'!$E:$E,'Hours Log'!$A:$A,">="&$J95,'Hours Log'!$A:$A,"<"&$J95+7)) | J95: =IF(COUNT('Hours Log'!$A$4:$A$5000)=0,"",IF(MIN('Hours Log'!$A$4:$A$5000)+7*(ROW()-10)>MAX('Hours Log'!$A$4:$A$5000),"",MIN('Hours Log'!$A$4:$A$5000)+7*(ROW()-10)))
A96: =IF($J96="","",YEAR($J96-WEEKDAY($J96,2)+4)&"-W"&TEXT(WEEKNUM($J96,21),"00")) | B96: =IF($J96="","",COUNTIFS(Roster!$D$4:$D$500,"Active",Roster!$C$4:$C$500,"<="&$J96)) | C96: =IF($J96="","",SUMIFS('Hours Log'!$C:$C,'Hours Log'!$A:$A,">="&$J96,'Hours Log'!$A:$A,"<"&$J96+7)+SUMIFS('Hours Log'!$D:$D,'Hours Log'!$A:$A,">="&$J96,'Hours Log'!$A:$A,"<"&$J96+7)) | D96: =IF($J96="","",SUMIFS('Hours Log'!$D:$D,'Hours Log'!$A:$A,">="&$J96,'Hours Log'!$A:$A,"<"&$J96+7)) | E96: =IF($J96="","",IFERROR(C96/(B96*40),0)) | F96: =IF($J96="","",0) | G96: =IF($J96="","",SUMIFS('Hours Log'!$E:$E,'Hours Log'!$A:$A,">="&$J96,'Hours Log'!$A:$A,"<"&$J96+7)) | J96: =IF(COUNT('Hours Log'!$A$4:$A$5000)=0,"",IF(MIN('Hours Log'!$A$4:$A$5000)+7*(ROW()-10)>MAX('Hours Log'!$A$4:$A$5000),"",MIN('Hours Log'!$A$4:$A$5000)+7*(ROW()-10)))
A97: =IF($J97="","",YEAR($J97-WEEKDAY($J97,2)+4)&"-W"&TEXT(WEEKNUM($J97,21),"00")) | B97: =IF($J97="","",COUNTIFS(Roster!$D$4:$D$500,"Active",Roster!$C$4:$C$500,"<="&$J97)) | C97: =IF($J97="","",SUMIFS('Hours Log'!$C:$C,'Hours Log'!$A:$A,">="&$J97,'Hours Log'!$A:$A,"<"&$J97+7)+SUMIFS('Hours Log'!$D:$D,'Hours Log'!$A:$A,">="&$J97,'Hours Log'!$A:$A,"<"&$J97+7)) | D97: =IF($J97="","",SUMIFS('Hours Log'!$D:$D,'Hours Log'!$A:$A,">="&$J97,'Hours Log'!$A:$A,"<"&$J97+7)) | E97: =IF($J97="","",IFERROR(C97/(B97*40),0)) | F97: =IF($J97="","",0) | G97: =IF($J97="","",SUMIFS('Hours Log'!$E:$E,'Hours Log'!$A:$A,">="&$J97,'Hours Log'!$A:$A,"<"&$J97+7)) | J97: =IF(COUNT('Hours Log'!$A$4:$A$5000)=0,"",IF(MIN('Hours Log'!$A$4:$A$5000)+7*(ROW()-10)>MAX('Hours Log'!$A$4:$A$5000),"",MIN('Hours Log'!$A$4:$A$5000)+7*(ROW()-10)))
A98: =IF($J98="","",YEAR($J98-WEEKDAY($J98,2)+4)&"-W"&TEXT(WEEKNUM($J98,21),"00")) | B98: =IF($J98="","",COUNTIFS(Roster!$D$4:$D$500,"Active",Roster!$C$4:$C$500,"<="&$J98)) | C98: =IF($J98="","",SUMIFS('Hours Log'!$C:$C,'Hours Log'!$A:$A,">="&$J98,'Hours Log'!$A:$A,"<"&$J98+7)+SUMIFS('Hours Log'!$D:$D,'Hours Log'!$A:$A,">="&$J98,'Hours Log'!$A:$A,"<"&$J98+7)) | D98: =IF($J98="","",SUMIFS('Hours Log'!$D:$D,'Hours Log'!$A:$A,">="&$J98,'Hours Log'!$A:$A,"<"&$J98+7)) | E98: =IF($J98="","",IFERROR(C98/(B98*40),0)) | F98: =IF($J98="","",0) | G98: =IF($J98="","",SUMIFS('Hours Log'!$E:$E,'Hours Log'!$A:$A,">="&$J98,'Hours Log'!$A:$A,"<"&$J98+7)) | J98: =IF(COUNT('Hours Log'!$A$4:$A$5000)=0,"",IF(MIN('Hours Log'!$A$4:$A$5000)+7*(ROW()-10)>MAX('Hours Log'!$A$4:$A$5000),"",MIN('Hours Log'!$A$4:$A$5000)+7*(ROW()-10)))
A99: =IF($J99="","",YEAR($J99-WEEKDAY($J99,2)+4)&"-W"&TEXT(WEEKNUM($J99,21),"00")) | B99: =IF($J99="","",COUNTIFS(Roster!$D$4:$D$500,"Active",Roster!$C$4:$C$500,"<="&$J99)) | C99: =IF($J99="","",SUMIFS('Hours Log'!$C:$C,'Hours Log'!$A:$A,">="&$J99,'Hours Log'!$A:$A,"<"&$J99+7)+SUMIFS('Hours Log'!$D:$D,'Hours Log'!$A:$A,">="&$J99,'Hours Log'!$A:$A,"<"&$J99+7)) | D99: =IF($J99="","",SUMIFS('Hours Log'!$D:$D,'Hours Log'!$A:$A,">="&$J99,'Hours Log'!$A:$A,"<"&$J99+7)) | E99: =IF($J99="","",IFERROR(C99/(B99*40),0)) | F99: =IF($J99="","",0) | G99: =IF($J99="","",SUMIFS('Hours Log'!$E:$E,'Hours Log'!$A:$A,">="&$J99,'Hours Log'!$A:$A,"<"&$J99+7)) | J99: =IF(COUNT('Hours Log'!$A$4:$A$5000)=0,"",IF(MIN('Hours Log'!$A$4:$A$5000)+7*(ROW()-10)>MAX('Hours Log'!$A$4:$A$5000),"",MIN('Hours Log'!$A$4:$A$5000)+7*(ROW()-10)))
... A2000: =IF($J2000="","",YEAR($J2000-WEEKDAY($J2000,2)+4)&"-W"&TEXT(WEEKNUM($J2000,21),"00")) | B2000: =IF($J2000="","",COUNTIFS(Roster!$D$4:$D$500,"Active",Roster!$C$4:$C$500,"<="&$J2000)) | C2000: =IF($J2000="","",SUMIFS('Hours Log'!$C:$C,'Hours Log'!$A:$A,">="&$J2000,'Hours Log'!$A:$A,"<"&$J2000+7)+SUMIFS('Hours Log'!$D:$D,'Hours Log'!$A:$A,">="&$J2000,'Hours Log'!$A:$A,"<"&$J2000+7)) | D2000: =IF($J2000="","",SUMIFS('Hours Log'!$D:$D,'Hours Log'!$A:$A,">="&$J2000,'Hours Log'!$A:$A,"<"&$J2000+7)) | E2000: =IF($J2000="","",IFERROR(C2000/(B2000*40),0)) | F2000: =IF($J2000="","",0) | G2000: =IF($J2000="","",SUMIFS('Hours Log'!$E:$E,'Hours Log'!$A:$A,">="&$J2000,'Hours Log'!$A:$A,"<"&$J2000+7)) | J2000: =IF(COUNT('Hours Log'!$A$4:$A$5000)=0,"",IF(MIN('Hours Log'!$A$4:$A$5000)+7*(ROW()-10)>MAX('Hours Log'!$A$4:$A$5000),"",MIN('Hours Log'!$A$4:$A$5000)+7*(ROW()-10)))

Sheet Roster
A1: SignalStack | Team Tempo — Employee Roster
A2: One row per employee. Update when roles, rates, or status changes.
A3: Employee | B3: Role | C3: Start Date | D3: Status | E3: Pay Rate | F3: Pay Type | G3: Certifications | H3: Training Due | I3: Notes
A4: Tech A | B4: Lead Tech | C4: 43597 | D4: Active | E4: 32 | F4: Hourly | G4: CDL, OSHA-10 | H4: 45915
A5: Tech B | B5: Field Tech | C5: 44263 | D5: Active | E5: 28.5 | F5: Hourly | G5: OSHA-10 | H5: 45838
A6: Tech C | B6: Field Tech | C6: 44887 | D6: Active | E6: 27 | F6: Hourly | H6: 45747 | I6: Training overdue
A7: Tech D | B7: Senior Tech | C7: 44026 | D7: Active | E7: 30 | F7: Hourly | G7: CDL, OSHA-30 | H7: 45992
A8: Tech E | B8: Office Admin | C8: 44440 | D8: Active | E8: 22 | F8: Hourly | H8: 45838
A9: Tech F | B9: Field Tech | C9: 44936 | D9: Active | E9: 26.5 | F9: Hourly | G9: OSHA-10 | H9: 46032
A10: Tech G | B10: Ops Coordinator | C10: 44669 | D10: Active | E10: 24 | F10: Hourly | H10: 46130
A11: Tech H | B11: Field Tech | C11: 45509 | D11: Active | E11: 25 | F11: Hourly | H11: 45874 | I11: Still in 90-day probation
A12: Tech I | B12: Field Tech | C12: 45823 | D12: Active | E12: 26 | F12: Hourly | G12: OSHA-10 | H12: 46188
A13: Tech J | B13: Field Tech | C13: 46028 | D13: Active | E13: 25.5 | F13: Hourly | H13: 46393 | I13: New hire

Sheet Hours Log
A1: SignalStack | Team Tempo — Weekly Hours Log
A2: Log hours each week per employee. OT = hours over 40 in a week.
A3: Week Of | B3: Employee | C3: Regular Hrs | D3: OT Hrs | E3: Training Hrs | F3: PTO Hrs | G3: Total Hrs
A4: 45614 | B4: Tech A | C4: 36.8 | D4: 3.4 | E4: 0 | F4: 0 | G4: =C4+D4+E4+F4
A5: 45614 | B5: Tech B | C5: 17 | D5: 0 | E5: 0.4 | F5: 0 | G5: =C5+D5+E5+F5
A6: 45614 | B6: Tech C | C6: 25 | D6: 0 | E6: 0 | F6: 0 | G6: =C6+D6+E6+F6
A7: 45614 | B7: Tech D | C7: 23.4 | D7: 0 | E7: 0.7 | F7: 0 | G7: =C7+D7+E7+F7
A8: 45614 | B8: Tech E | C8: 39.9 | D8: 0 | E8: 0.6 | F8: 0 | G8: =C8+D8+E8+F8
A9: 45614 | B9: Tech F | C9: 38 | D9: 4.8 | E9: 0 | F9: 0 | G9: =C9+D9+E9+F9
A10: 45614 | B10: Tech G | C10: 45 | D10: 2.5 | E10: 0.3 | F10: 0 | G10: =C10+D10+E10+F10
A11: 45614 | B11: Tech H | C11: 18.9 | D11: 3.3 | E11: 0 | F11: 0 | G11: =C11+D11+E11+F11
A12: 45621 | B12: Tech A | C12: 27.6 | D12: 3.1 | E12: 0.6 | F12: 0 | G12: =C12+D12+E12+F12
A13: 45621 | B13: Tech B | C13: 19.6 | D13: 4.1 | E13: 0 | F13: 0 | G13: =C13+D13+E13+F13
A14: 45621 | B14: Tech C | C14: 34.6 | D14: 0 | E14: 0 | F14: 0 | G14: =C14+D14+E14+F14
A15: 45621 | B15: Tech D | C15: 22.6 | D15: 0 | E15: 0.9 | F15: 0 | G15: =C15+D15+E15+F15
... A686: 46202 | B686: Tech I | C686: 38.3 | D686: 4.6 | E686: 0 | F686: 0 | G686: =C686+D686+E686+F686
